Day,CycleNum,Intersections,ScenarioPath
20250701,1,"ECOLAND,JOHNPAUL,SANDAWA",..\..\out\scenarios\20250701\cycle_1
20250701,2,"ECOLAND,JOHNPAUL,SANDAWA",..\..\out\scenarios\20250701\cycle_2
20250701,3,"ECOLAND,JOHNPAUL,SANDAWA",..\..\out\scenarios\20250701\cycle_3
20250703,1,"ECOLAND,JOHNPAUL,SANDAWA",..\..\out\scenarios\20250703\cycle_1
20250703,2,"ECOLAND,JOHNPAUL,SANDAWA",..\..\out\scenarios\20250703\cycle_2
20250703,3,"ECOLAND,JOHNPAUL,SANDAWA",..\..\out\scenarios\20250703\cycle_3
20250704,1,"ECOLAND,JOHNPAUL,SANDAWA",..\..\out\scenarios\20250704\cycle_1
20250704,2,"ECOLAND,JOHNPAUL,SANDAWA",..\..\out\scenarios\20250704\cycle_2
20250704,3,"ECOLAND,JOHNPAUL,SANDAWA",..\..\out\scenarios\20250704\cycle_3
20250707,1,"ECOLAND,JOHNPAUL,SANDAWA",..\..\out\scenarios\20250707\cycle_1
20250707,2,"ECOLAND,JOHNPAUL,SANDAWA",..\..\out\scenarios\20250707\cycle_2
20250707,3,"ECOLAND,JOHNPAUL,SANDAWA",..\..\out\scenarios\20250707\cycle_3
20250708,1,"ECOLAND,JOHNPAUL,SANDAWA",..\..\out\scenarios\20250708\cycle_1
20250708,2,"ECOLAND,JOHNPAUL,SANDAWA",..\..\out\scenarios\20250708\cycle_2
20250708,3,"ECOLAND,JOHNPAUL,SANDAWA",..\..\out\scenarios\20250708\cycle_3
20250709,1,"ECOLAND,JOHNPAUL,SANDAWA",..\..\out\scenarios\20250709\cycle_1
20250709,2,"ECOLAND,JOHNPAUL,SANDAWA",..\..\out\scenarios\20250709\cycle_2
20250709,3,"ECOLAND,JOHNPAUL,SANDAWA",..\..\out\scenarios\20250709\cycle_3
20250710,1,"ECOLAND,JOHNPAUL,SANDAWA",..\..\out\scenarios\20250710\cycle_1
20250710,2,"ECOLAND,JOHNPAUL,SANDAWA",..\..\out\scenarios\20250710\cycle_2
20250710,3,"ECOLAND,JOHNPAUL,SANDAWA",..\..\out\scenarios\20250710\cycle_3
20250714,1,"ECOLAND,JOHNPAUL,SANDAWA",..\..\out\scenarios\20250714\cycle_1
20250714,2,"ECOLAND,JOHNPAUL,SANDAWA",..\..\out\scenarios\20250714\cycle_2
20250714,3,"ECOLAND,JOHNPAUL,SANDAWA",..\..\out\scenarios\20250714\cycle_3
20250715,1,"ECOLAND,JOHNPAUL,SANDAWA",..\..\out\scenarios\20250715\cycle_1
20250715,2,"ECOLAND,JOHNPAUL,SANDAWA",..\..\out\scenarios\20250715\cycle_2
20250715,3,"ECOLAND,JOHNPAUL,SANDAWA",..\..\out\scenarios\20250715\cycle_3
20250716,1,"ECOLAND,JOHNPAUL,SANDAWA",..\..\out\scenarios\20250716\cycle_1
20250716,2,"ECOLAND,JOHNPAUL,SANDAWA",..\..\out\scenarios\20250716\cycle_2
20250716,3,"ECOLAND,JOHNPAUL,SANDAWA",..\..\out\scenarios\20250716\cycle_3
20250717,1,"ECOLAND,JOHNPAUL,SANDAWA",..\..\out\scenarios\20250717\cycle_1
20250717,2,"ECOLAND,JOHNPAUL,SANDAWA",..\..\out\scenarios\20250717\cycle_2
20250717,3,"ECOLAND,JOHNPAUL,SANDAWA",..\..\out\scenarios\20250717\cycle_3
20250804,1,"ECOLAND,JOHNPAUL,SANDAWA",..\..\out\scenarios\20250804\cycle_1
20250804,2,"ECOLAND,JOHNPAUL,SANDAWA",..\..\out\scenarios\20250804\cycle_2
20250804,3,"ECOLAND,JOHNPAUL,SANDAWA",..\..\out\scenarios\20250804\cycle_3
20250805,1,"ECOLAND,JOHNPAUL,SANDAWA",..\..\out\scenarios\20250805\cycle_1
20250805,2,"ECOLAND,JOHNPAUL,SANDAWA",..\..\out\scenarios\20250805\cycle_2
20250805,3,"ECOLAND,JOHNPAUL,SANDAWA",..\..\out\scenarios\20250805\cycle_3
20250807,1,"ECOLAND,JOHNPAUL,SANDAWA",..\..\out\scenarios\20250807\cycle_1
20250807,2,"ECOLAND,JOHNPAUL,SANDAWA",..\..\out\scenarios\20250807\cycle_2
20250807,3,"ECOLAND,JOHNPAUL,SANDAWA",..\..\out\scenarios\20250807\cycle_3
20250809,1,"ECOLAND,JOHNPAUL,SANDAWA",..\..\out\scenarios\20250809\cycle_1
20250809,2,"ECOLAND,JOHNPAUL,SANDAWA",..\..\out\scenarios\20250809\cycle_2
20250809,3,"ECOLAND,JOHNPAUL,SANDAWA",..\..\out\scenarios\20250809\cycle_3
20250811,1,"ECOLAND,JOHNPAUL,SANDAWA",..\..\out\scenarios\20250811\cycle_1
20250811,2,"ECOLAND,JOHNPAUL,SANDAWA",..\..\out\scenarios\20250811\cycle_2
20250811,3,"ECOLAND,JOHNPAUL,SANDAWA",..\..\out\scenarios\20250811\cycle_3
20250812,1,"ECOLAND,JOHNPAUL,SANDAWA",..\..\out\scenarios\20250812\cycle_1
20250812,2,"ECOLAND,JOHNPAUL,SANDAWA",..\..\out\scenarios\20250812\cycle_2
20250812,3,"ECOLAND,JOHNPAUL,SANDAWA",..\..\out\scenarios\20250812\cycle_3
20250814,1,"ECOLAND,JOHNPAUL,SANDAWA",..\..\out\scenarios\20250814\cycle_1
20250814,2,"ECOLAND,JOHNPAUL,SANDAWA",..\..\out\scenarios\20250814\cycle_2
20250814,3,"ECOLAND,JOHNPAUL,SANDAWA",..\..\out\scenarios\20250814\cycle_3
20250815,1,"ECOLAND,JOHNPAUL,SANDAWA",..\..\out\scenarios\20250815\cycle_1
20250815,2,"ECOLAND,JOHNPAUL,SANDAWA",..\..\out\scenarios\20250815\cycle_2
20250815,3,"ECOLAND,JOHNPAUL,SANDAWA",..\..\out\scenarios\20250815\cycle_3
20250818,1,"ECOLAND,JOHNPAUL,SANDAWA",..\..\out\scenarios\20250818\cycle_1
20250818,2,"ECOLAND,JOHNPAUL,SANDAWA",..\..\out\scenarios\20250818\cycle_2
20250818,3,"ECOLAND,JOHNPAUL,SANDAWA",..\..\out\scenarios\20250818\cycle_3
20250819,1,"ECOLAND,JOHNPAUL,SANDAWA",..\..\out\scenarios\20250819\cycle_1
20250819,2,"ECOLAND,JOHNPAUL,SANDAWA",..\..\out\scenarios\20250819\cycle_2
20250819,3,"ECOLAND,JOHNPAUL,SANDAWA",..\..\out\scenarios\20250819\cycle_3
20250821,1,"ECOLAND,JOHNPAUL,SANDAWA",..\..\out\scenarios\20250821\cycle_1
20250821,2,"ECOLAND,JOHNPAUL,SANDAWA",..\..\out\scenarios\20250821\cycle_2
20250821,3,"ECOLAND,JOHNPAUL,SANDAWA",..\..\out\scenarios\20250821\cycle_3
