total_waiting_time,total_vehicles,completed_trips,passenger_throughput,avg_speed,total_travel_time,total_fuel_consumption,queue_length_history,waiting_time_history,speed_history,throughput_history,avg_waiting_time,avg_queue_length,max_queue_length,avg_throughput,avg_passenger_throughput,travel_time_index,intersection_throughput,intersection_metrics,cars_processed,buses_processed,jeepneys_processed,motorcycles_processed,trucks_processed,tricycles_processed,episode,scenario
0,0,432,2203.4,14.1011748690515,0,0,[],[],[],[],12.357714490301916,106.41111111111111,171,5760.0,2203.4,2.8366430720457094,"{'Ecoland_TrafficSignal': {'total_vehicles': 0, 'total_queue': 11, 'avg_waiting': 23.545454545454547, 'vehicle_types': {'car': 0, 'bus': 0, 'jeepney': 0, 'motorcycle': 0, 'truck': 0, 'tricycle': 0}}, 'JohnPaul_TrafficSignal': {'total_vehicles': 0, 'total_queue': 87, 'avg_waiting': 30.759615384615383, 'vehicle_types': {'car': 0, 'bus': 0, 'jeepney': 0, 'motorcycle': 0, 'truck': 0, 'tricycle': 0}}, 'Sandawa_TrafficSignal': {'total_vehicles': 0, 'total_queue': 2, 'avg_waiting': 0.13333333333333333, 'vehicle_types': {'car': 0, 'bus': 0, 'jeepney': 0, 'motorcycle': 0, 'truck': 0, 'tricycle': 0}}}","{'Ecoland_TrafficSignal': {'total_vehicles': 0, 'total_queue': 11, 'avg_waiting': 23.545454545454547, 'vehicle_types': {'car': 0, 'bus': 0, 'jeepney': 0, 'motorcycle': 0, 'truck': 0, 'tricycle': 0}}, 'JohnPaul_TrafficSignal': {'total_vehicles': 0, 'total_queue': 87, 'avg_waiting': 30.759615384615383, 'vehicle_types': {'car': 0, 'bus': 0, 'jeepney': 0, 'motorcycle': 0, 'truck': 0, 'tricycle': 0}}, 'Sandawa_TrafficSignal': {'total_vehicles': 0, 'total_queue': 2, 'avg_waiting': 0.13333333333333333, 'vehicle_types': {'car': 0, 'bus': 0, 'jeepney': 0, 'motorcycle': 0, 'truck': 0, 'tricycle': 0}}}",193,24,65,125,25,0,1,20250815_cycle_1
0,0,412,2189.3,15.059959025784305,0,0,[],[],[],[],11.156539998609883,89.52222222222223,167,5493.333333333334,2189.3,2.656049723077971,"{'Ecoland_TrafficSignal': {'total_vehicles': 0, 'total_queue': 14, 'avg_waiting': 31.625, 'vehicle_types': {'car': 0, 'bus': 0, 'jeepney': 0, 'motorcycle': 0, 'truck': 0, 'tricycle': 0}}, 'JohnPaul_TrafficSignal': {'total_vehicles': 0, 'total_queue': 47, 'avg_waiting': 17.901408450704224, 'vehicle_types': {'car': 0, 'bus': 0, 'jeepney': 0, 'motorcycle': 0, 'truck': 0, 'tricycle': 0}}, 'Sandawa_TrafficSignal': {'total_vehicles': 0, 'total_queue': 10, 'avg_waiting': 1.2765957446808511, 'vehicle_types': {'car': 0, 'bus': 0, 'jeepney': 0, 'motorcycle': 0, 'truck': 0, 'tricycle': 0}}}","{'Ecoland_TrafficSignal': {'total_vehicles': 0, 'total_queue': 14, 'avg_waiting': 31.625, 'vehicle_types': {'car': 0, 'bus': 0, 'jeepney': 0, 'motorcycle': 0, 'truck': 0, 'tricycle': 0}}, 'JohnPaul_TrafficSignal': {'total_vehicles': 0, 'total_queue': 47, 'avg_waiting': 17.901408450704224, 'vehicle_types': {'car': 0, 'bus': 0, 'jeepney': 0, 'motorcycle': 0, 'truck': 0, 'tricycle': 0}}, 'Sandawa_TrafficSignal': {'total_vehicles': 0, 'total_queue': 10, 'avg_waiting': 1.2765957446808511, 'vehicle_types': {'car': 0, 'bus': 0, 'jeepney': 0, 'motorcycle': 0, 'truck': 0, 'tricycle': 0}}}",186,24,66,113,23,0,2,20250819_cycle_3
0,0,441,2191.399999999999,13.734694038223502,0,0,[],[],[],[],11.278592215012852,102.68888888888888,166,5880.0,2191.399999999999,2.9123328039693086,"{'Ecoland_TrafficSignal': {'total_vehicles': 0, 'total_queue': 20, 'avg_waiting': 21.85, 'vehicle_types': {'car': 0, 'bus': 0, 'jeepney': 0, 'motorcycle': 0, 'truck': 0, 'tricycle': 0}}, 'JohnPaul_TrafficSignal': {'total_vehicles': 0, 'total_queue': 88, 'avg_waiting': 29.55140186915888, 'vehicle_types': {'car': 0, 'bus': 0, 'jeepney': 0, 'motorcycle': 0, 'truck': 0, 'tricycle': 0}}, 'Sandawa_TrafficSignal': {'total_vehicles': 0, 'total_queue': 5, 'avg_waiting': 1.6666666666666667, 'vehicle_types': {'car': 0, 'bus': 0, 'jeepney': 0, 'motorcycle': 0, 'truck': 0, 'tricycle': 0}}}","{'Ecoland_TrafficSignal': {'total_vehicles': 0, 'total_queue': 20, 'avg_waiting': 21.85, 'vehicle_types': {'car': 0, 'bus': 0, 'jeepney': 0, 'motorcycle': 0, 'truck': 0, 'tricycle': 0}}, 'JohnPaul_TrafficSignal': {'total_vehicles': 0, 'total_queue': 88, 'avg_waiting': 29.55140186915888, 'vehicle_types': {'car': 0, 'bus': 0, 'jeepney': 0, 'motorcycle': 0, 'truck': 0, 'tricycle': 0}}, 'Sandawa_TrafficSignal': {'total_vehicles': 0, 'total_queue': 5, 'avg_waiting': 1.6666666666666667, 'vehicle_types': {'car': 0, 'bus': 0, 'jeepney': 0, 'motorcycle': 0, 'truck': 0, 'tricycle': 0}}}",199,24,63,134,21,0,3,20250701_cycle_1
0,0,438,2221.3999999999996,15.028988554717174,0,0,[],[],[],[],10.492149368935108,95.14814814814815,165,5840.0,2221.3999999999996,2.661523086159057,"{'Ecoland_TrafficSignal': {'total_vehicles': 0, 'total_queue': 13, 'avg_waiting': 14.846153846153847, 'vehicle_types': {'car': 0, 'bus': 0, 'jeepney': 0, 'motorcycle': 0, 'truck': 0, 'tricycle': 0}}, 'JohnPaul_TrafficSignal': {'total_vehicles': 0, 'total_queue': 70, 'avg_waiting': 21.761904761904763, 'vehicle_types': {'car': 0, 'bus': 0, 'jeepney': 0, 'motorcycle': 0, 'truck': 0, 'tricycle': 0}}, 'Sandawa_TrafficSignal': {'total_vehicles': 0, 'total_queue': 13, 'avg_waiting': 3.7083333333333335, 'vehicle_types': {'car': 0, 'bus': 0, 'jeepney': 0, 'motorcycle': 0, 'truck': 0, 'tricycle': 0}}}","{'Ecoland_TrafficSignal': {'total_vehicles': 0, 'total_queue': 13, 'avg_waiting': 14.846153846153847, 'vehicle_types': {'car': 0, 'bus': 0, 'jeepney': 0, 'motorcycle': 0, 'truck': 0, 'tricycle': 0}}, 'JohnPaul_TrafficSignal': {'total_vehicles': 0, 'total_queue': 70, 'avg_waiting': 21.761904761904763, 'vehicle_types': {'car': 0, 'bus': 0, 'jeepney': 0, 'motorcycle': 0, 'truck': 0, 'tricycle': 0}}, 'Sandawa_TrafficSignal': {'total_vehicles': 0, 'total_queue': 13, 'avg_waiting': 3.7083333333333335, 'vehicle_types': {'car': 0, 'bus': 0, 'jeepney': 0, 'motorcycle': 0, 'truck': 0, 'tricycle': 0}}}",196,25,63,134,20,0,4,20250811_cycle_1
0,0,443,2316.5000000000005,14.277163863869283,0,0,[],[],[],[],10.437876389898038,95.5962962962963,166,5906.666666666667,2316.5000000000005,2.8016768863476167,"{'Ecoland_TrafficSignal': {'total_vehicles': 0, 'total_queue': 26, 'avg_waiting': 21.076923076923077, 'vehicle_types': {'car': 0, 'bus': 0, 'jeepney': 0, 'motorcycle': 0, 'truck': 0, 'tricycle': 0}}, 'JohnPaul_TrafficSignal': {'total_vehicles': 0, 'total_queue': 66, 'avg_waiting': 26.151898734177216, 'vehicle_types': {'car': 0, 'bus': 0, 'jeepney': 0, 'motorcycle': 0, 'truck': 0, 'tricycle': 0}}, 'Sandawa_TrafficSignal': {'total_vehicles': 0, 'total_queue': 0, 'avg_waiting': 0.0, 'vehicle_types': {'car': 0, 'bus': 0, 'jeepney': 0, 'motorcycle': 0, 'truck': 0, 'tricycle': 0}}}","{'Ecoland_TrafficSignal': {'total_vehicles': 0, 'total_queue': 26, 'avg_waiting': 21.076923076923077, 'vehicle_types': {'car': 0, 'bus': 0, 'jeepney': 0, 'motorcycle': 0, 'truck': 0, 'tricycle': 0}}, 'JohnPaul_TrafficSignal': {'total_vehicles': 0, 'total_queue': 66, 'avg_waiting': 26.151898734177216, 'vehicle_types': {'car': 0, 'bus': 0, 'jeepney': 0, 'motorcycle': 0, 'truck': 0, 'tricycle': 0}}, 'Sandawa_TrafficSignal': {'total_vehicles': 0, 'total_queue': 0, 'avg_waiting': 0.0, 'vehicle_types': {'car': 0, 'bus': 0, 'jeepney': 0, 'motorcycle': 0, 'truck': 0, 'tricycle': 0}}}",194,25,70,133,21,0,5,20250703_cycle_3
0,0,440,2098.499999999999,15.0057031812448,0,0,[],[],[],[],10.45462874914092,81.97777777777777,163,5866.666666666667,2098.499999999999,2.6656531531287957,"{'Ecoland_TrafficSignal': {'total_vehicles': 0, 'total_queue': 17, 'avg_waiting': 17.842105263157894, 'vehicle_types': {'car': 0, 'bus': 0, 'jeepney': 0, 'motorcycle': 0, 'truck': 0, 'tricycle': 0}}, 'JohnPaul_TrafficSignal': {'total_vehicles': 0, 'total_queue': 49, 'avg_waiting': 16.746031746031747, 'vehicle_types': {'car': 0, 'bus': 0, 'jeepney': 0, 'motorcycle': 0, 'truck': 0, 'tricycle': 0}}, 'Sandawa_TrafficSignal': {'total_vehicles': 0, 'total_queue': 11, 'avg_waiting': 0.88, 'vehicle_types': {'car': 0, 'bus': 0, 'jeepney': 0, 'motorcycle': 0, 'truck': 0, 'tricycle': 0}}}","{'Ecoland_TrafficSignal': {'total_vehicles': 0, 'total_queue': 17, 'avg_waiting': 17.842105263157894, 'vehicle_types': {'car': 0, 'bus': 0, 'jeepney': 0, 'motorcycle': 0, 'truck': 0, 'tricycle': 0}}, 'JohnPaul_TrafficSignal': {'total_vehicles': 0, 'total_queue': 49, 'avg_waiting': 16.746031746031747, 'vehicle_types': {'car': 0, 'bus': 0, 'jeepney': 0, 'motorcycle': 0, 'truck': 0, 'tricycle': 0}}, 'Sandawa_TrafficSignal': {'total_vehicles': 0, 'total_queue': 11, 'avg_waiting': 0.88, 'vehicle_types': {'car': 0, 'bus': 0, 'jeepney': 0, 'motorcycle': 0, 'truck': 0, 'tricycle': 0}}}",193,25,53,149,20,0,6,20250821_cycle_1
0,0,413,2190.2,15.41534589336359,0,0,[],[],[],[],9.407700162007108,86.18518518518519,158,5506.666666666667,2190.2,2.594816897181676,"{'Ecoland_TrafficSignal': {'total_vehicles': 0, 'total_queue': 16, 'avg_waiting': 19.88888888888889, 'vehicle_types': {'car': 0, 'bus': 0, 'jeepney': 0, 'motorcycle': 0, 'truck': 0, 'tricycle': 0}}, 'JohnPaul_TrafficSignal': {'total_vehicles': 0, 'total_queue': 61, 'avg_waiting': 19.894736842105264, 'vehicle_types': {'car': 0, 'bus': 0, 'jeepney': 0, 'motorcycle': 0, 'truck': 0, 'tricycle': 0}}, 'Sandawa_TrafficSignal': {'total_vehicles': 0, 'total_queue': 15, 'avg_waiting': 3.5714285714285716, 'vehicle_types': {'car': 0, 'bus': 0, 'jeepney': 0, 'motorcycle': 0, 'truck': 0, 'tricycle': 0}}}","{'Ecoland_TrafficSignal': {'total_vehicles': 0, 'total_queue': 16, 'avg_waiting': 19.88888888888889, 'vehicle_types': {'car': 0, 'bus': 0, 'jeepney': 0, 'motorcycle': 0, 'truck': 0, 'tricycle': 0}}, 'JohnPaul_TrafficSignal': {'total_vehicles': 0, 'total_queue': 61, 'avg_waiting': 19.894736842105264, 'vehicle_types': {'car': 0, 'bus': 0, 'jeepney': 0, 'motorcycle': 0, 'truck': 0, 'tricycle': 0}}, 'Sandawa_TrafficSignal': {'total_vehicles': 0, 'total_queue': 15, 'avg_waiting': 3.5714285714285716, 'vehicle_types': {'car': 0, 'bus': 0, 'jeepney': 0, 'motorcycle': 0, 'truck': 0, 'tricycle': 0}}}",188,24,66,111,24,0,7,20250709_cycle_2
0,0,413,2106.0999999999995,15.562612016534711,0,0,[],[],[],[],10.55242509528853,91.02592592592593,161,5506.666666666667,2106.0999999999995,2.5702626241341395,"{'Ecoland_TrafficSignal': {'total_vehicles': 0, 'total_queue': 17, 'avg_waiting': 28.11764705882353, 'vehicle_types': {'car': 0, 'bus': 0, 'jeepney': 0, 'motorcycle': 0, 'truck': 0, 'tricycle': 0}}, 'JohnPaul_TrafficSignal': {'total_vehicles': 0, 'total_queue': 58, 'avg_waiting': 21.92, 'vehicle_types': {'car': 0, 'bus': 0, 'jeepney': 0, 'motorcycle': 0, 'truck': 0, 'tricycle': 0}}, 'Sandawa_TrafficSignal': {'total_vehicles': 0, 'total_queue': 12, 'avg_waiting': 1.6274509803921569, 'vehicle_types': {'car': 0, 'bus': 0, 'jeepney': 0, 'motorcycle': 0, 'truck': 0, 'tricycle': 0}}}","{'Ecoland_TrafficSignal': {'total_vehicles': 0, 'total_queue': 17, 'avg_waiting': 28.11764705882353, 'vehicle_types': {'car': 0, 'bus': 0, 'jeepney': 0, 'motorcycle': 0, 'truck': 0, 'tricycle': 0}}, 'JohnPaul_TrafficSignal': {'total_vehicles': 0, 'total_queue': 58, 'avg_waiting': 21.92, 'vehicle_types': {'car': 0, 'bus': 0, 'jeepney': 0, 'motorcycle': 0, 'truck': 0, 'tricycle': 0}}, 'Sandawa_TrafficSignal': {'total_vehicles': 0, 'total_queue': 12, 'avg_waiting': 1.6274509803921569, 'vehicle_types': {'car': 0, 'bus': 0, 'jeepney': 0, 'motorcycle': 0, 'truck': 0, 'tricycle': 0}}}",183,26,54,124,26,0,8,20250708_cycle_1
0,0,425,1909.0999999999997,14.328870217500729,0,0,[],[],[],[],9.816362000484695,88.04444444444445,159,5666.666666666667,1909.0999999999997,2.7915669130107372,"{'Ecoland_TrafficSignal': {'total_vehicles': 0, 'total_queue': 20, 'avg_waiting': 19.045454545454547, 'vehicle_types': {'car': 0, 'bus': 0, 'jeepney': 0, 'motorcycle': 0, 'truck': 0, 'tricycle': 0}}, 'JohnPaul_TrafficSignal': {'total_vehicles': 0, 'total_queue': 59, 'avg_waiting': 22.126582278481013, 'vehicle_types': {'car': 0, 'bus': 0, 'jeepney': 0, 'motorcycle': 0, 'truck': 0, 'tricycle': 0}}, 'Sandawa_TrafficSignal': {'total_vehicles': 0, 'total_queue': 8, 'avg_waiting': 0.9302325581395349, 'vehicle_types': {'car': 0, 'bus': 0, 'jeepney': 0, 'motorcycle': 0, 'truck': 0, 'tricycle': 0}}}","{'Ecoland_TrafficSignal': {'total_vehicles': 0, 'total_queue': 20, 'avg_waiting': 19.045454545454547, 'vehicle_types': {'car': 0, 'bus': 0, 'jeepney': 0, 'motorcycle': 0, 'truck': 0, 'tricycle': 0}}, 'JohnPaul_TrafficSignal': {'total_vehicles': 0, 'total_queue': 59, 'avg_waiting': 22.126582278481013, 'vehicle_types': {'car': 0, 'bus': 0, 'jeepney': 0, 'motorcycle': 0, 'truck': 0, 'tricycle': 0}}, 'Sandawa_TrafficSignal': {'total_vehicles': 0, 'total_queue': 8, 'avg_waiting': 0.9302325581395349, 'vehicle_types': {'car': 0, 'bus': 0, 'jeepney': 0, 'motorcycle': 0, 'truck': 0, 'tricycle': 0}}}",185,20,53,143,24,0,9,20250821_cycle_3
0,0,433,2020.5999999999997,14.542062946539595,0,0,[],[],[],[],10.436715526312755,88.51851851851852,167,5773.333333333334,2020.5999999999997,2.7506413737205238,"{'Ecoland_TrafficSignal': {'total_vehicles': 0, 'total_queue': 17, 'avg_waiting': 19.22222222222222, 'vehicle_types': {'car': 0, 'bus': 0, 'jeepney': 0, 'motorcycle': 0, 'truck': 0, 'tricycle': 0}}, 'JohnPaul_TrafficSignal': {'total_vehicles': 0, 'total_queue': 63, 'avg_waiting': 21.0, 'vehicle_types': {'car': 0, 'bus': 0, 'jeepney': 0, 'motorcycle': 0, 'truck': 0, 'tricycle': 0}}, 'Sandawa_TrafficSignal': {'total_vehicles': 0, 'total_queue': 6, 'avg_waiting': 0.6904761904761905, 'vehicle_types': {'car': 0, 'bus': 0, 'jeepney': 0, 'motorcycle': 0, 'truck': 0, 'tricycle': 0}}}","{'Ecoland_TrafficSignal': {'total_vehicles': 0, 'total_queue': 17, 'avg_waiting': 19.22222222222222, 'vehicle_types': {'car': 0, 'bus': 0, 'jeepney': 0, 'motorcycle': 0, 'truck': 0, 'tricycle': 0}}, 'JohnPaul_TrafficSignal': {'total_vehicles': 0, 'total_queue': 63, 'avg_waiting': 21.0, 'vehicle_types': {'car': 0, 'bus': 0, 'jeepney': 0, 'motorcycle': 0, 'truck': 0, 'tricycle': 0}}, 'Sandawa_TrafficSignal': {'total_vehicles': 0, 'total_queue': 6, 'avg_waiting': 0.6904761904761905, 'vehicle_types': {'car': 0, 'bus': 0, 'jeepney': 0, 'motorcycle': 0, 'truck': 0, 'tricycle': 0}}}",193,23,53,141,23,0,10,20250717_cycle_1
0,0,368,1600.4999999999986,12.869716217995958,0,0,[],[],[],[],15.8474985064508,93.08148148148148,165,4906.666666666667,1600.4999999999986,3.108071640621514,"{'Ecoland_TrafficSignal': {'total_vehicles': 0, 'total_queue': 20, 'avg_waiting': 39.18181818181818, 'vehicle_types': {'car': 0, 'bus': 0, 'jeepney': 0, 'motorcycle': 0, 'truck': 0, 'tricycle': 0}}, 'JohnPaul_TrafficSignal': {'total_vehicles': 0, 'total_queue': 55, 'avg_waiting': 23.8875, 'vehicle_types': {'car': 0, 'bus': 0, 'jeepney': 0, 'motorcycle': 0, 'truck': 0, 'tricycle': 0}}, 'Sandawa_TrafficSignal': {'total_vehicles': 0, 'total_queue': 6, 'avg_waiting': 1.236842105263158, 'vehicle_types': {'car': 0, 'bus': 0, 'jeepney': 0, 'motorcycle': 0, 'truck': 0, 'tricycle': 0}}}","{'Ecoland_TrafficSignal': {'total_vehicles': 0, 'total_queue': 20, 'avg_waiting': 39.18181818181818, 'vehicle_types': {'car': 0, 'bus': 0, 'jeepney': 0, 'motorcycle': 0, 'truck': 0, 'tricycle': 0}}, 'JohnPaul_TrafficSignal': {'total_vehicles': 0, 'total_queue': 55, 'avg_waiting': 23.8875, 'vehicle_types': {'car': 0, 'bus': 0, 'jeepney': 0, 'motorcycle': 0, 'truck': 0, 'tricycle': 0}}, 'Sandawa_TrafficSignal': {'total_vehicles': 0, 'total_queue': 6, 'avg_waiting': 1.236842105263158, 'vehicle_types': {'car': 0, 'bus': 0, 'jeepney': 0, 'motorcycle': 0, 'truck': 0, 'tricycle': 0}}}",172,18,40,117,21,0,11,20250804_cycle_1
0,0,430,2233.7,14.895714028699215,0,0,[],[],[],[],9.614488373423182,98.67037037037036,162,5733.333333333334,2233.7,2.6853361928762163,"{'Ecoland_TrafficSignal': {'total_vehicles': 0, 'total_queue': 19, 'avg_waiting': 12.85, 'vehicle_types': {'car': 0, 'bus': 0, 'jeepney': 0, 'motorcycle': 0, 'truck': 0, 'tricycle': 0}}, 'JohnPaul_TrafficSignal': {'total_vehicles': 0, 'total_queue': 78, 'avg_waiting': 28.842105263157894, 'vehicle_types': {'car': 0, 'bus': 0, 'jeepney': 0, 'motorcycle': 0, 'truck': 0, 'tricycle': 0}}, 'Sandawa_TrafficSignal': {'total_vehicles': 0, 'total_queue': 9, 'avg_waiting': 0.85, 'vehicle_types': {'car': 0, 'bus': 0, 'jeepney': 0, 'motorcycle': 0, 'truck': 0, 'tricycle': 0}}}","{'Ecoland_TrafficSignal': {'total_vehicles': 0, 'total_queue': 19, 'avg_waiting': 12.85, 'vehicle_types': {'car': 0, 'bus': 0, 'jeepney': 0, 'motorcycle': 0, 'truck': 0, 'tricycle': 0}}, 'JohnPaul_TrafficSignal': {'total_vehicles': 0, 'total_queue': 78, 'avg_waiting': 28.842105263157894, 'vehicle_types': {'car': 0, 'bus': 0, 'jeepney': 0, 'motorcycle': 0, 'truck': 0, 'tricycle': 0}}, 'Sandawa_TrafficSignal': {'total_vehicles': 0, 'total_queue': 9, 'avg_waiting': 0.85, 'vehicle_types': {'car': 0, 'bus': 0, 'jeepney': 0, 'motorcycle': 0, 'truck': 0, 'tricycle': 0}}}",204,25,65,113,23,0,12,20250707_cycle_1
0,0,414,2081.999999999999,14.065552360728091,0,0,[],[],[],[],11.361805430342839,97.71481481481482,162,5520.0,2081.999999999999,2.8438271725241675,"{'Ecoland_TrafficSignal': {'total_vehicles': 0, 'total_queue': 12, 'avg_waiting': 17.285714285714285, 'vehicle_types': {'car': 0, 'bus': 0, 'jeepney': 0, 'motorcycle': 0, 'truck': 0, 'tricycle': 0}}, 'JohnPaul_TrafficSignal': {'total_vehicles': 0, 'total_queue': 72, 'avg_waiting': 28.011111111111113, 'vehicle_types': {'car': 0, 'bus': 0, 'jeepney': 0, 'motorcycle': 0, 'truck': 0, 'tricycle': 0}}, 'Sandawa_TrafficSignal': {'total_vehicles': 0, 'total_queue': 13, 'avg_waiting': 1.1162790697674418, 'vehicle_types': {'car': 0, 'bus': 0, 'jeepney': 0, 'motorcycle': 0, 'truck': 0, 'tricycle': 0}}}","{'Ecoland_TrafficSignal': {'total_vehicles': 0, 'total_queue': 12, 'avg_waiting': 17.285714285714285, 'vehicle_types': {'car': 0, 'bus': 0, 'jeepney': 0, 'motorcycle': 0, 'truck': 0, 'tricycle': 0}}, 'JohnPaul_TrafficSignal': {'total_vehicles': 0, 'total_queue': 72, 'avg_waiting': 28.011111111111113, 'vehicle_types': {'car': 0, 'bus': 0, 'jeepney': 0, 'motorcycle': 0, 'truck': 0, 'tricycle': 0}}, 'Sandawa_TrafficSignal': {'total_vehicles': 0, 'total_queue': 13, 'avg_waiting': 1.1162790697674418, 'vehicle_types': {'car': 0, 'bus': 0, 'jeepney': 0, 'motorcycle': 0, 'truck': 0, 'tricycle': 0}}}",198,23,60,111,22,0,13,20250807_cycle_3
0,0,389,1969.0999999999995,14.655252307042987,0,0,[],[],[],[],10.46381653605384,82.1,158,5186.666666666667,1969.0999999999995,2.7293968852912136,"{'Ecoland_TrafficSignal': {'total_vehicles': 0, 'total_queue': 14, 'avg_waiting': 25.866666666666667, 'vehicle_types': {'car': 0, 'bus': 0, 'jeepney': 0, 'motorcycle': 0, 'truck': 0, 'tricycle': 0}}, 'JohnPaul_TrafficSignal': {'total_vehicles': 0, 'total_queue': 45, 'avg_waiting': 23.25, 'vehicle_types': {'car': 0, 'bus': 0, 'jeepney': 0, 'motorcycle': 0, 'truck': 0, 'tricycle': 0}}, 'Sandawa_TrafficSignal': {'total_vehicles': 0, 'total_queue': 0, 'avg_waiting': 0.0, 'vehicle_types': {'car': 0, 'bus': 0, 'jeepney': 0, 'motorcycle': 0, 'truck': 0, 'tricycle': 0}}}","{'Ecoland_TrafficSignal': {'total_vehicles': 0, 'total_queue': 14, 'avg_waiting': 25.866666666666667, 'vehicle_types': {'car': 0, 'bus': 0, 'jeepney': 0, 'motorcycle': 0, 'truck': 0, 'tricycle': 0}}, 'JohnPaul_TrafficSignal': {'total_vehicles': 0, 'total_queue': 45, 'avg_waiting': 23.25, 'vehicle_types': {'car': 0, 'bus': 0, 'jeepney': 0, 'motorcycle': 0, 'truck': 0, 'tricycle': 0}}, 'Sandawa_TrafficSignal': {'total_vehicles': 0, 'total_queue': 0, 'avg_waiting': 0.0, 'vehicle_types': {'car': 0, 'bus': 0, 'jeepney': 0, 'motorcycle': 0, 'truck': 0, 'tricycle': 0}}}",179,24,51,113,22,0,14,20250708_cycle_2
0,0,423,2085.8999999999996,14.219672597062939,0,0,[],[],[],[],11.538023935085862,102.11481481481482,166,5640.0,2085.8999999999996,2.8130042887388256,"{'Ecoland_TrafficSignal': {'total_vehicles': 0, 'total_queue': 12, 'avg_waiting': 30.833333333333332, 'vehicle_types': {'car': 0, 'bus': 0, 'jeepney': 0, 'motorcycle': 0, 'truck': 0, 'tricycle': 0}}, 'JohnPaul_TrafficSignal': {'total_vehicles': 0, 'total_queue': 82, 'avg_waiting': 35.638297872340424, 'vehicle_types': {'car': 0, 'bus': 0, 'jeepney': 0, 'motorcycle': 0, 'truck': 0, 'tricycle': 0}}, 'Sandawa_TrafficSignal': {'total_vehicles': 0, 'total_queue': 2, 'avg_waiting': 0.16666666666666666, 'vehicle_types': {'car': 0, 'bus': 0, 'jeepney': 0, 'motorcycle': 0, 'truck': 0, 'tricycle': 0}}}","{'Ecoland_TrafficSignal': {'total_vehicles': 0, 'total_queue': 12, 'avg_waiting': 30.833333333333332, 'vehicle_types': {'car': 0, 'bus': 0, 'jeepney': 0, 'motorcycle': 0, 'truck': 0, 'tricycle': 0}}, 'JohnPaul_TrafficSignal': {'total_vehicles': 0, 'total_queue': 82, 'avg_waiting': 35.638297872340424, 'vehicle_types': {'car': 0, 'bus': 0, 'jeepney': 0, 'motorcycle': 0, 'truck': 0, 'tricycle': 0}}, 'Sandawa_TrafficSignal': {'total_vehicles': 0, 'total_queue': 2, 'avg_waiting': 0.16666666666666666, 'vehicle_types': {'car': 0, 'bus': 0, 'jeepney': 0, 'motorcycle': 0, 'truck': 0, 'tricycle': 0}}}",201,25,54,121,22,0,15,20250804_cycle_2
0,0,400,1933.4999999999998,14.302962808244434,0,0,[],[],[],[],11.288961719904169,89.37037037037037,164,5333.333333333334,1933.4999999999998,2.796623366519797,"{'Ecoland_TrafficSignal': {'total_vehicles': 0, 'total_queue': 12, 'avg_waiting': 15.416666666666666, 'vehicle_types': {'car': 0, 'bus': 0, 'jeepney': 0, 'motorcycle': 0, 'truck': 0, 'tricycle': 0}}, 'JohnPaul_TrafficSignal': {'total_vehicles': 0, 'total_queue': 48, 'avg_waiting': 22.0, 'vehicle_types': {'car': 0, 'bus': 0, 'jeepney': 0, 'motorcycle': 0, 'truck': 0, 'tricycle': 0}}, 'Sandawa_TrafficSignal': {'total_vehicles': 0, 'total_queue': 10, 'avg_waiting': 1.8888888888888888, 'vehicle_types': {'car': 0, 'bus': 0, 'jeepney': 0, 'motorcycle': 0, 'truck': 0, 'tricycle': 0}}}","{'Ecoland_TrafficSignal': {'total_vehicles': 0, 'total_queue': 12, 'avg_waiting': 15.416666666666666, 'vehicle_types': {'car': 0, 'bus': 0, 'jeepney': 0, 'motorcycle': 0, 'truck': 0, 'tricycle': 0}}, 'JohnPaul_TrafficSignal': {'total_vehicles': 0, 'total_queue': 48, 'avg_waiting': 22.0, 'vehicle_types': {'car': 0, 'bus': 0, 'jeepney': 0, 'motorcycle': 0, 'truck': 0, 'tricycle': 0}}, 'Sandawa_TrafficSignal': {'total_vehicles': 0, 'total_queue': 10, 'avg_waiting': 1.8888888888888888, 'vehicle_types': {'car': 0, 'bus': 0, 'jeepney': 0, 'motorcycle': 0, 'truck': 0, 'tricycle': 0}}}",179,24,47,126,24,0,16,20250715_cycle_2
0,0,443,2231.900000000001,14.305492938039354,0,0,[],[],[],[],10.373288869563646,98.8037037037037,154,5906.666666666667,2231.900000000001,2.796128743920251,"{'Ecoland_TrafficSignal': {'total_vehicles': 0, 'total_queue': 23, 'avg_waiting': 18.692307692307693, 'vehicle_types': {'car': 0, 'bus': 0, 'jeepney': 0, 'motorcycle': 0, 'truck': 0, 'tricycle': 0}}, 'JohnPaul_TrafficSignal': {'total_vehicles': 0, 'total_queue': 76, 'avg_waiting': 29.76923076923077, 'vehicle_types': {'car': 0, 'bus': 0, 'jeepney': 0, 'motorcycle': 0, 'truck': 0, 'tricycle': 0}}, 'Sandawa_TrafficSignal': {'total_vehicles': 0, 'total_queue': 0, 'avg_waiting': 0.0, 'vehicle_types': {'car': 0, 'bus': 0, 'jeepney': 0, 'motorcycle': 0, 'truck': 0, 'tricycle': 0}}}","{'Ecoland_TrafficSignal': {'total_vehicles': 0, 'total_queue': 23, 'avg_waiting': 18.692307692307693, 'vehicle_types': {'car': 0, 'bus': 0, 'jeepney': 0, 'motorcycle': 0, 'truck': 0, 'tricycle': 0}}, 'JohnPaul_TrafficSignal': {'total_vehicles': 0, 'total_queue': 76, 'avg_waiting': 29.76923076923077, 'vehicle_types': {'car': 0, 'bus': 0, 'jeepney': 0, 'motorcycle': 0, 'truck': 0, 'tricycle': 0}}, 'Sandawa_TrafficSignal': {'total_vehicles': 0, 'total_queue': 0, 'avg_waiting': 0.0, 'vehicle_types': {'car': 0, 'bus': 0, 'jeepney': 0, 'motorcycle': 0, 'truck': 0, 'tricycle': 0}}}",200,24,66,132,21,0,17,20250703_cycle_1
0,0,407,2165.599999999999,14.603934735260488,0,0,[],[],[],[],10.853560137534508,90.47407407407407,157,5426.666666666667,2165.599999999999,2.7389878635530978,"{'Ecoland_TrafficSignal': {'total_vehicles': 0, 'total_queue': 14, 'avg_waiting': 23.875, 'vehicle_types': {'car': 0, 'bus': 0, 'jeepney': 0, 'motorcycle': 0, 'truck': 0, 'tricycle': 0}}, 'JohnPaul_TrafficSignal': {'total_vehicles': 0, 'total_queue': 53, 'avg_waiting': 24.136986301369863, 'vehicle_types': {'car': 0, 'bus': 0, 'jeepney': 0, 'motorcycle': 0, 'truck': 0, 'tricycle': 0}}, 'Sandawa_TrafficSignal': {'total_vehicles': 0, 'total_queue': 8, 'avg_waiting': 1.0681818181818181, 'vehicle_types': {'car': 0, 'bus': 0, 'jeepney': 0, 'motorcycle': 0, 'truck': 0, 'tricycle': 0}}}","{'Ecoland_TrafficSignal': {'total_vehicles': 0, 'total_queue': 14, 'avg_waiting': 23.875, 'vehicle_types': {'car': 0, 'bus': 0, 'jeepney': 0, 'motorcycle': 0, 'truck': 0, 'tricycle': 0}}, 'JohnPaul_TrafficSignal': {'total_vehicles': 0, 'total_queue': 53, 'avg_waiting': 24.136986301369863, 'vehicle_types': {'car': 0, 'bus': 0, 'jeepney': 0, 'motorcycle': 0, 'truck': 0, 'tricycle': 0}}, 'Sandawa_TrafficSignal': {'total_vehicles': 0, 'total_queue': 8, 'avg_waiting': 1.0681818181818181, 'vehicle_types': {'car': 0, 'bus': 0, 'jeepney': 0, 'motorcycle': 0, 'truck': 0, 'tricycle': 0}}}",185,25,62,112,23,0,18,20250709_cycle_3
0,0,426,2195.600000000001,14.260464065648327,0,0,[],[],[],[],11.102121446100439,97.62222222222222,164,5680.0,2195.600000000001,2.8049578061316387,"{'Ecoland_TrafficSignal': {'total_vehicles': 0, 'total_queue': 17, 'avg_waiting': 13.947368421052632, 'vehicle_types': {'car': 0, 'bus': 0, 'jeepney': 0, 'motorcycle': 0, 'truck': 0, 'tricycle': 0}}, 'JohnPaul_TrafficSignal': {'total_vehicles': 0, 'total_queue': 95, 'avg_waiting': 23.63716814159292, 'vehicle_types': {'car': 0, 'bus': 0, 'jeepney': 0, 'motorcycle': 0, 'truck': 0, 'tricycle': 0}}, 'Sandawa_TrafficSignal': {'total_vehicles': 0, 'total_queue': 12, 'avg_waiting': 0.5098039215686274, 'vehicle_types': {'car': 0, 'bus': 0, 'jeepney': 0, 'motorcycle': 0, 'truck': 0, 'tricycle': 0}}}","{'Ecoland_TrafficSignal': {'total_vehicles': 0, 'total_queue': 17, 'avg_waiting': 13.947368421052632, 'vehicle_types': {'car': 0, 'bus': 0, 'jeepney': 0, 'motorcycle': 0, 'truck': 0, 'tricycle': 0}}, 'JohnPaul_TrafficSignal': {'total_vehicles': 0, 'total_queue': 95, 'avg_waiting': 23.63716814159292, 'vehicle_types': {'car': 0, 'bus': 0, 'jeepney': 0, 'motorcycle': 0, 'truck': 0, 'tricycle': 0}}, 'Sandawa_TrafficSignal': {'total_vehicles': 0, 'total_queue': 12, 'avg_waiting': 0.5098039215686274, 'vehicle_types': {'car': 0, 'bus': 0, 'jeepney': 0, 'motorcycle': 0, 'truck': 0, 'tricycle': 0}}}",196,24,65,119,22,0,19,20250807_cycle_2
0,0,426,2174.600000000001,13.525060892048597,0,0,[],[],[],[],11.237283884461961,105.77777777777777,165,5680.0,2174.600000000001,2.9574728216947297,"{'Ecoland_TrafficSignal': {'total_vehicles': 0, 'total_queue': 12, 'avg_waiting': 20.333333333333332, 'vehicle_types': {'car': 0, 'bus': 0, 'jeepney': 0, 'motorcycle': 0, 'truck': 0, 'tricycle': 0}}, 'JohnPaul_TrafficSignal': {'total_vehicles': 0, 'total_queue': 106, 'avg_waiting': 30.753846153846155, 'vehicle_types': {'car': 0, 'bus': 0, 'jeepney': 0, 'motorcycle': 0, 'truck': 0, 'tricycle': 0}}, 'Sandawa_TrafficSignal': {'total_vehicles': 0, 'total_queue': 6, 'avg_waiting': 0.5384615384615384, 'vehicle_types': {'car': 0, 'bus': 0, 'jeepney': 0, 'motorcycle': 0, 'truck': 0, 'tricycle': 0}}}","{'Ecoland_TrafficSignal': {'total_vehicles': 0, 'total_queue': 12, 'avg_waiting': 20.333333333333332, 'vehicle_types': {'car': 0, 'bus': 0, 'jeepney': 0, 'motorcycle': 0, 'truck': 0, 'tricycle': 0}}, 'JohnPaul_TrafficSignal': {'total_vehicles': 0, 'total_queue': 106, 'avg_waiting': 30.753846153846155, 'vehicle_types': {'car': 0, 'bus': 0, 'jeepney': 0, 'motorcycle': 0, 'truck': 0, 'tricycle': 0}}, 'Sandawa_TrafficSignal': {'total_vehicles': 0, 'total_queue': 6, 'avg_waiting': 0.5384615384615384, 'vehicle_types': {'car': 0, 'bus': 0, 'jeepney': 0, 'motorcycle': 0, 'truck': 0, 'tricycle': 0}}}",202,23,66,115,20,0,20,20250704_cycle_3
0,0,440,2202.100000000001,14.939770405376557,0,0,[],[],[],[],10.09176759675298,92.82592592592593,163,5866.666666666667,2202.100000000001,2.6774173173106273,"{'Ecoland_TrafficSignal': {'total_vehicles': 0, 'total_queue': 17, 'avg_waiting': 25.823529411764707, 'vehicle_types': {'car': 0, 'bus': 0, 'jeepney': 0, 'motorcycle': 0, 'truck': 0, 'tricycle': 0}}, 'JohnPaul_TrafficSignal': {'total_vehicles': 0, 'total_queue': 55, 'avg_waiting': 23.623376623376622, 'vehicle_types': {'car': 0, 'bus': 0, 'jeepney': 0, 'motorcycle': 0, 'truck': 0, 'tricycle': 0}}, 'Sandawa_TrafficSignal': {'total_vehicles': 0, 'total_queue': 3, 'avg_waiting': 0.32608695652173914, 'vehicle_types': {'car': 0, 'bus': 0, 'jeepney': 0, 'motorcycle': 0, 'truck': 0, 'tricycle': 0}}}","{'Ecoland_TrafficSignal': {'total_vehicles': 0, 'total_queue': 17, 'avg_waiting': 25.823529411764707, 'vehicle_types': {'car': 0, 'bus': 0, 'jeepney': 0, 'motorcycle': 0, 'truck': 0, 'tricycle': 0}}, 'JohnPaul_TrafficSignal': {'total_vehicles': 0, 'total_queue': 55, 'avg_waiting': 23.623376623376622, 'vehicle_types': {'car': 0, 'bus': 0, 'jeepney': 0, 'motorcycle': 0, 'truck': 0, 'tricycle': 0}}, 'Sandawa_TrafficSignal': {'total_vehicles': 0, 'total_queue': 3, 'avg_waiting': 0.32608695652173914, 'vehicle_types': {'car': 0, 'bus': 0, 'jeepney': 0, 'motorcycle': 0, 'truck': 0, 'tricycle': 0}}}",198,24,64,131,23,0,21,20250704_cycle_1
0,0,450,2204.6000000000013,14.793329040694736,0,0,[],[],[],[],9.829318014771431,89.2,162,6000.0,2204.6000000000013,2.703921469600563,"{'Ecoland_TrafficSignal': {'total_vehicles': 0, 'total_queue': 21, 'avg_waiting': 14.619047619047619, 'vehicle_types': {'car': 0, 'bus': 0, 'jeepney': 0, 'motorcycle': 0, 'truck': 0, 'tricycle': 0}}, 'JohnPaul_TrafficSignal': {'total_vehicles': 0, 'total_queue': 54, 'avg_waiting': 18.51388888888889, 'vehicle_types': {'car': 0, 'bus': 0, 'jeepney': 0, 'motorcycle': 0, 'truck': 0, 'tricycle': 0}}, 'Sandawa_TrafficSignal': {'total_vehicles': 0, 'total_queue': 12, 'avg_waiting': 2.891304347826087, 'vehicle_types': {'car': 0, 'bus': 0, 'jeepney': 0, 'motorcycle': 0, 'truck': 0, 'tricycle': 0}}}","{'Ecoland_TrafficSignal': {'total_vehicles': 0, 'total_queue': 21, 'avg_waiting': 14.619047619047619, 'vehicle_types': {'car': 0, 'bus': 0, 'jeepney': 0, 'motorcycle': 0, 'truck': 0, 'tricycle': 0}}, 'JohnPaul_TrafficSignal': {'total_vehicles': 0, 'total_queue': 54, 'avg_waiting': 18.51388888888889, 'vehicle_types': {'car': 0, 'bus': 0, 'jeepney': 0, 'motorcycle': 0, 'truck': 0, 'tricycle': 0}}, 'Sandawa_TrafficSignal': {'total_vehicles': 0, 'total_queue': 12, 'avg_waiting': 2.891304347826087, 'vehicle_types': {'car': 0, 'bus': 0, 'jeepney': 0, 'motorcycle': 0, 'truck': 0, 'tricycle': 0}}}",190,24,63,151,22,0,22,20250716_cycle_2
0,0,454,2294.1000000000013,14.44642143999108,0,0,[],[],[],[],10.144403515430788,89.7,166,6053.333333333334,2294.1000000000013,2.768851799468526,"{'Ecoland_TrafficSignal': {'total_vehicles': 0, 'total_queue': 23, 'avg_waiting': 13.608695652173912, 'vehicle_types': {'car': 0, 'bus': 0, 'jeepney': 0, 'motorcycle': 0, 'truck': 0, 'tricycle': 0}}, 'JohnPaul_TrafficSignal': {'total_vehicles': 0, 'total_queue': 57, 'avg_waiting': 17.857142857142858, 'vehicle_types': {'car': 0, 'bus': 0, 'jeepney': 0, 'motorcycle': 0, 'truck': 0, 'tricycle': 0}}, 'Sandawa_TrafficSignal': {'total_vehicles': 0, 'total_queue': 12, 'avg_waiting': 1.4807692307692308, 'vehicle_types': {'car': 0, 'bus': 0, 'jeepney': 0, 'motorcycle': 0, 'truck': 0, 'tricycle': 0}}}","{'Ecoland_TrafficSignal': {'total_vehicles': 0, 'total_queue': 23, 'avg_waiting': 13.608695652173912, 'vehicle_types': {'car': 0, 'bus': 0, 'jeepney': 0, 'motorcycle': 0, 'truck': 0, 'tricycle': 0}}, 'JohnPaul_TrafficSignal': {'total_vehicles': 0, 'total_queue': 57, 'avg_waiting': 17.857142857142858, 'vehicle_types': {'car': 0, 'bus': 0, 'jeepney': 0, 'motorcycle': 0, 'truck': 0, 'tricycle': 0}}, 'Sandawa_TrafficSignal': {'total_vehicles': 0, 'total_queue': 12, 'avg_waiting': 1.4807692307692308, 'vehicle_types': {'car': 0, 'bus': 0, 'jeepney': 0, 'motorcycle': 0, 'truck': 0, 'tricycle': 0}}}",194,25,67,147,21,0,23,20250703_cycle_2
0,0,444,2228.500000000001,13.932959566305707,0,0,[],[],[],[],11.021892510741962,99.5925925925926,171,5920.0,2228.500000000001,2.870890409869029,"{'Ecoland_TrafficSignal': {'total_vehicles': 0, 'total_queue': 26, 'avg_waiting': 19.846153846153847, 'vehicle_types': {'car': 0, 'bus': 0, 'jeepney': 0, 'motorcycle': 0, 'truck': 0, 'tricycle': 0}}, 'JohnPaul_TrafficSignal': {'total_vehicles': 0, 'total_queue': 74, 'avg_waiting': 26.896907216494846, 'vehicle_types': {'car': 0, 'bus': 0, 'jeepney': 0, 'motorcycle': 0, 'truck': 0, 'tricycle': 0}}, 'Sandawa_TrafficSignal': {'total_vehicles': 0, 'total_queue': 11, 'avg_waiting': 2.025, 'vehicle_types': {'car': 0, 'bus': 0, 'jeepney': 0, 'motorcycle': 0, 'truck': 0, 'tricycle': 0}}}","{'Ecoland_TrafficSignal': {'total_vehicles': 0, 'total_queue': 26, 'avg_waiting': 19.846153846153847, 'vehicle_types': {'car': 0, 'bus': 0, 'jeepney': 0, 'motorcycle': 0, 'truck': 0, 'tricycle': 0}}, 'JohnPaul_TrafficSignal': {'total_vehicles': 0, 'total_queue': 74, 'avg_waiting': 26.896907216494846, 'vehicle_types': {'car': 0, 'bus': 0, 'jeepney': 0, 'motorcycle': 0, 'truck': 0, 'tricycle': 0}}, 'Sandawa_TrafficSignal': {'total_vehicles': 0, 'total_queue': 11, 'avg_waiting': 2.025, 'vehicle_types': {'car': 0, 'bus': 0, 'jeepney': 0, 'motorcycle': 0, 'truck': 0, 'tricycle': 0}}}",200,25,63,133,23,0,24,20250812_cycle_1
0,0,441,2118.5000000000014,14.703631746850927,0,0,[],[],[],[],9.950693948435566,99.73703703703704,161,5880.0,2118.5000000000014,2.720416335818992,"{'Ecoland_TrafficSignal': {'total_vehicles': 0, 'total_queue': 22, 'avg_waiting': 13.826086956521738, 'vehicle_types': {'car': 0, 'bus': 0, 'jeepney': 0, 'motorcycle': 0, 'truck': 0, 'tricycle': 0}}, 'JohnPaul_TrafficSignal': {'total_vehicles': 0, 'total_queue': 84, 'avg_waiting': 29.02, 'vehicle_types': {'car': 0, 'bus': 0, 'jeepney': 0, 'motorcycle': 0, 'truck': 0, 'tricycle': 0}}, 'Sandawa_TrafficSignal': {'total_vehicles': 0, 'total_queue': 10, 'avg_waiting': 0.6964285714285714, 'vehicle_types': {'car': 0, 'bus': 0, 'jeepney': 0, 'motorcycle': 0, 'truck': 0, 'tricycle': 0}}}","{'Ecoland_TrafficSignal': {'total_vehicles': 0, 'total_queue': 22, 'avg_waiting': 13.826086956521738, 'vehicle_types': {'car': 0, 'bus': 0, 'jeepney': 0, 'motorcycle': 0, 'truck': 0, 'tricycle': 0}}, 'JohnPaul_TrafficSignal': {'total_vehicles': 0, 'total_queue': 84, 'avg_waiting': 29.02, 'vehicle_types': {'car': 0, 'bus': 0, 'jeepney': 0, 'motorcycle': 0, 'truck': 0, 'tricycle': 0}}, 'Sandawa_TrafficSignal': {'total_vehicles': 0, 'total_queue': 10, 'avg_waiting': 0.6964285714285714, 'vehicle_types': {'car': 0, 'bus': 0, 'jeepney': 0, 'motorcycle': 0, 'truck': 0, 'tricycle': 0}}}",208,26,52,132,23,0,25,20250805_cycle_1
0,0,407,2139.7999999999984,14.856199848322968,0,0,[],[],[],[],10.028695606913704,88.45185185185186,162,5426.666666666667,2139.7999999999984,2.692478588628799,"{'Ecoland_TrafficSignal': {'total_vehicles': 0, 'total_queue': 14, 'avg_waiting': 29.428571428571427, 'vehicle_types': {'car': 0, 'bus': 0, 'jeepney': 0, 'motorcycle': 0, 'truck': 0, 'tricycle': 0}}, 'JohnPaul_TrafficSignal': {'total_vehicles': 0, 'total_queue': 54, 'avg_waiting': 24.11111111111111, 'vehicle_types': {'car': 0, 'bus': 0, 'jeepney': 0, 'motorcycle': 0, 'truck': 0, 'tricycle': 0}}, 'Sandawa_TrafficSignal': {'total_vehicles': 0, 'total_queue': 13, 'avg_waiting': 1.5, 'vehicle_types': {'car': 0, 'bus': 0, 'jeepney': 0, 'motorcycle': 0, 'truck': 0, 'tricycle': 0}}}","{'Ecoland_TrafficSignal': {'total_vehicles': 0, 'total_queue': 14, 'avg_waiting': 29.428571428571427, 'vehicle_types': {'car': 0, 'bus': 0, 'jeepney': 0, 'motorcycle': 0, 'truck': 0, 'tricycle': 0}}, 'JohnPaul_TrafficSignal': {'total_vehicles': 0, 'total_queue': 54, 'avg_waiting': 24.11111111111111, 'vehicle_types': {'car': 0, 'bus': 0, 'jeepney': 0, 'motorcycle': 0, 'truck': 0, 'tricycle': 0}}, 'Sandawa_TrafficSignal': {'total_vehicles': 0, 'total_queue': 13, 'avg_waiting': 1.5, 'vehicle_types': {'car': 0, 'bus': 0, 'jeepney': 0, 'motorcycle': 0, 'truck': 0, 'tricycle': 0}}}",191,25,60,108,23,0,26,20250710_cycle_2
0,0,404,2047.7999999999995,14.535352004951717,0,0,[],[],[],[],10.495232643447268,86.98518518518519,160,5386.666666666667,2047.7999999999995,2.7519113390837258,"{'Ecoland_TrafficSignal': {'total_vehicles': 0, 'total_queue': 13, 'avg_waiting': 15.733333333333333, 'vehicle_types': {'car': 0, 'bus': 0, 'jeepney': 0, 'motorcycle': 0, 'truck': 0, 'tricycle': 0}}, 'JohnPaul_TrafficSignal': {'total_vehicles': 0, 'total_queue': 54, 'avg_waiting': 19.852941176470587, 'vehicle_types': {'car': 0, 'bus': 0, 'jeepney': 0, 'motorcycle': 0, 'truck': 0, 'tricycle': 0}}, 'Sandawa_TrafficSignal': {'total_vehicles': 0, 'total_queue': 11, 'avg_waiting': 1.930232558139535, 'vehicle_types': {'car': 0, 'bus': 0, 'jeepney': 0, 'motorcycle': 0, 'truck': 0, 'tricycle': 0}}}","{'Ecoland_TrafficSignal': {'total_vehicles': 0, 'total_queue': 13, 'avg_waiting': 15.733333333333333, 'vehicle_types': {'car': 0, 'bus': 0, 'jeepney': 0, 'motorcycle': 0, 'truck': 0, 'tricycle': 0}}, 'JohnPaul_TrafficSignal': {'total_vehicles': 0, 'total_queue': 54, 'avg_waiting': 19.852941176470587, 'vehicle_types': {'car': 0, 'bus': 0, 'jeepney': 0, 'motorcycle': 0, 'truck': 0, 'tricycle': 0}}, 'Sandawa_TrafficSignal': {'total_vehicles': 0, 'total_queue': 11, 'avg_waiting': 1.930232558139535, 'vehicle_types': {'car': 0, 'bus': 0, 'jeepney': 0, 'motorcycle': 0, 'truck': 0, 'tricycle': 0}}}",187,25,53,116,23,0,27,20250815_cycle_3
0,0,403,1999.2999999999988,14.091313572343406,0,0,[],[],[],[],10.710522850212316,96.5962962962963,167,5373.333333333334,1999.2999999999988,2.838628194216527,"{'Ecoland_TrafficSignal': {'total_vehicles': 0, 'total_queue': 9, 'avg_waiting': 27.0, 'vehicle_types': {'car': 0, 'bus': 0, 'jeepney': 0, 'motorcycle': 0, 'truck': 0, 'tricycle': 0}}, 'JohnPaul_TrafficSignal': {'total_vehicles': 0, 'total_queue': 72, 'avg_waiting': 30.77777777777778, 'vehicle_types': {'car': 0, 'bus': 0, 'jeepney': 0, 'motorcycle': 0, 'truck': 0, 'tricycle': 0}}, 'Sandawa_TrafficSignal': {'total_vehicles': 0, 'total_queue': 12, 'avg_waiting': 1.7450980392156863, 'vehicle_types': {'car': 0, 'bus': 0, 'jeepney': 0, 'motorcycle': 0, 'truck': 0, 'tricycle': 0}}}","{'Ecoland_TrafficSignal': {'total_vehicles': 0, 'total_queue': 9, 'avg_waiting': 27.0, 'vehicle_types': {'car': 0, 'bus': 0, 'jeepney': 0, 'motorcycle': 0, 'truck': 0, 'tricycle': 0}}, 'JohnPaul_TrafficSignal': {'total_vehicles': 0, 'total_queue': 72, 'avg_waiting': 30.77777777777778, 'vehicle_types': {'car': 0, 'bus': 0, 'jeepney': 0, 'motorcycle': 0, 'truck': 0, 'tricycle': 0}}, 'Sandawa_TrafficSignal': {'total_vehicles': 0, 'total_queue': 12, 'avg_waiting': 1.7450980392156863, 'vehicle_types': {'car': 0, 'bus': 0, 'jeepney': 0, 'motorcycle': 0, 'truck': 0, 'tricycle': 0}}}",202,24,52,104,21,0,28,20250818_cycle_3
0,0,415,2176.9000000000005,14.902602870528819,0,0,[],[],[],[],11.004757252014587,87.72592592592592,163,5533.333333333334,2176.9000000000005,2.684094875741703,"{'Ecoland_TrafficSignal': {'total_vehicles': 0, 'total_queue': 10, 'avg_waiting': 13.333333333333334, 'vehicle_types': {'car': 0, 'bus': 0, 'jeepney': 0, 'motorcycle': 0, 'truck': 0, 'tricycle': 0}}, 'JohnPaul_TrafficSignal': {'total_vehicles': 0, 'total_queue': 58, 'avg_waiting': 17.441558441558442, 'vehicle_types': {'car': 0, 'bus': 0, 'jeepney': 0, 'motorcycle': 0, 'truck': 0, 'tricycle': 0}}, 'Sandawa_TrafficSignal': {'total_vehicles': 0, 'total_queue': 20, 'avg_waiting': 2.5454545454545454, 'vehicle_types': {'car': 0, 'bus': 0, 'jeepney': 0, 'motorcycle': 0, 'truck': 0, 'tricycle': 0}}}","{'Ecoland_TrafficSignal': {'total_vehicles': 0, 'total_queue': 10, 'avg_waiting': 13.333333333333334, 'vehicle_types': {'car': 0, 'bus': 0, 'jeepney': 0, 'motorcycle': 0, 'truck': 0, 'tricycle': 0}}, 'JohnPaul_TrafficSignal': {'total_vehicles': 0, 'total_queue': 58, 'avg_waiting': 17.441558441558442, 'vehicle_types': {'car': 0, 'bus': 0, 'jeepney': 0, 'motorcycle': 0, 'truck': 0, 'tricycle': 0}}, 'Sandawa_TrafficSignal': {'total_vehicles': 0, 'total_queue': 20, 'avg_waiting': 2.5454545454545454, 'vehicle_types': {'car': 0, 'bus': 0, 'jeepney': 0, 'motorcycle': 0, 'truck': 0, 'tricycle': 0}}}",187,25,62,119,22,0,29,20250818_cycle_2
0,0,444,2194.4999999999995,14.467762412326813,0,0,[],[],[],[],10.289876440274176,103.46296296296296,165,5920.0,2194.4999999999995,2.7647675473243343,"{'Ecoland_TrafficSignal': {'total_vehicles': 0, 'total_queue': 22, 'avg_waiting': 31.681818181818183, 'vehicle_types': {'car': 0, 'bus': 0, 'jeepney': 0, 'motorcycle': 0, 'truck': 0, 'tricycle': 0}}, 'JohnPaul_TrafficSignal': {'total_vehicles': 0, 'total_queue': 93, 'avg_waiting': 31.6697247706422, 'vehicle_types': {'car': 0, 'bus': 0, 'jeepney': 0, 'motorcycle': 0, 'truck': 0, 'tricycle': 0}}, 'Sandawa_TrafficSignal': {'total_vehicles': 0, 'total_queue': 10, 'avg_waiting': 0.8888888888888888, 'vehicle_types': {'car': 0, 'bus': 0, 'jeepney': 0, 'motorcycle': 0, 'truck': 0, 'tricycle': 0}}}","{'Ecoland_TrafficSignal': {'total_vehicles': 0, 'total_queue': 22, 'avg_waiting': 31.681818181818183, 'vehicle_types': {'car': 0, 'bus': 0, 'jeepney': 0, 'motorcycle': 0, 'truck': 0, 'tricycle': 0}}, 'JohnPaul_TrafficSignal': {'total_vehicles': 0, 'total_queue': 93, 'avg_waiting': 31.6697247706422, 'vehicle_types': {'car': 0, 'bus': 0, 'jeepney': 0, 'motorcycle': 0, 'truck': 0, 'tricycle': 0}}, 'Sandawa_TrafficSignal': {'total_vehicles': 0, 'total_queue': 10, 'avg_waiting': 0.8888888888888888, 'vehicle_types': {'car': 0, 'bus': 0, 'jeepney': 0, 'motorcycle': 0, 'truck': 0, 'tricycle': 0}}}",207,24,63,128,22,0,30,20250812_cycle_3
0,0,450,2195.9999999999995,14.851454040972262,0,0,[],[],[],[],9.698922033794732,88.4888888888889,162,6000.0,2195.9999999999995,2.693338974732562,"{'Ecoland_TrafficSignal': {'total_vehicles': 0, 'total_queue': 20, 'avg_waiting': 21.6, 'vehicle_types': {'car': 0, 'bus': 0, 'jeepney': 0, 'motorcycle': 0, 'truck': 0, 'tricycle': 0}}, 'JohnPaul_TrafficSignal': {'total_vehicles': 0, 'total_queue': 48, 'avg_waiting': 12.136986301369863, 'vehicle_types': {'car': 0, 'bus': 0, 'jeepney': 0, 'motorcycle': 0, 'truck': 0, 'tricycle': 0}}, 'Sandawa_TrafficSignal': {'total_vehicles': 0, 'total_queue': 0, 'avg_waiting': 0.0, 'vehicle_types': {'car': 0, 'bus': 0, 'jeepney': 0, 'motorcycle': 0, 'truck': 0, 'tricycle': 0}}}","{'Ecoland_TrafficSignal': {'total_vehicles': 0, 'total_queue': 20, 'avg_waiting': 21.6, 'vehicle_types': {'car': 0, 'bus': 0, 'jeepney': 0, 'motorcycle': 0, 'truck': 0, 'tricycle': 0}}, 'JohnPaul_TrafficSignal': {'total_vehicles': 0, 'total_queue': 48, 'avg_waiting': 12.136986301369863, 'vehicle_types': {'car': 0, 'bus': 0, 'jeepney': 0, 'motorcycle': 0, 'truck': 0, 'tricycle': 0}}, 'Sandawa_TrafficSignal': {'total_vehicles': 0, 'total_queue': 0, 'avg_waiting': 0.0, 'vehicle_types': {'car': 0, 'bus': 0, 'jeepney': 0, 'motorcycle': 0, 'truck': 0, 'tricycle': 0}}}",192,26,57,153,22,0,31,20250717_cycle_2
0,0,428,2293.899999999999,14.718054961007372,0,0,[],[],[],[],10.029339315868016,100.32222222222222,162,5706.666666666667,2293.899999999999,2.7177504164763775,"{'Ecoland_TrafficSignal': {'total_vehicles': 0, 'total_queue': 13, 'avg_waiting': 20.4, 'vehicle_types': {'car': 0, 'bus': 0, 'jeepney': 0, 'motorcycle': 0, 'truck': 0, 'tricycle': 0}}, 'JohnPaul_TrafficSignal': {'total_vehicles': 0, 'total_queue': 73, 'avg_waiting': 29.06382978723404, 'vehicle_types': {'car': 0, 'bus': 0, 'jeepney': 0, 'motorcycle': 0, 'truck': 0, 'tricycle': 0}}, 'Sandawa_TrafficSignal': {'total_vehicles': 0, 'total_queue': 15, 'avg_waiting': 2.872340425531915, 'vehicle_types': {'car': 0, 'bus': 0, 'jeepney': 0, 'motorcycle': 0, 'truck': 0, 'tricycle': 0}}}","{'Ecoland_TrafficSignal': {'total_vehicles': 0, 'total_queue': 13, 'avg_waiting': 20.4, 'vehicle_types': {'car': 0, 'bus': 0, 'jeepney': 0, 'motorcycle': 0, 'truck': 0, 'tricycle': 0}}, 'JohnPaul_TrafficSignal': {'total_vehicles': 0, 'total_queue': 73, 'avg_waiting': 29.06382978723404, 'vehicle_types': {'car': 0, 'bus': 0, 'jeepney': 0, 'motorcycle': 0, 'truck': 0, 'tricycle': 0}}, 'Sandawa_TrafficSignal': {'total_vehicles': 0, 'total_queue': 15, 'avg_waiting': 2.872340425531915, 'vehicle_types': {'car': 0, 'bus': 0, 'jeepney': 0, 'motorcycle': 0, 'truck': 0, 'tricycle': 0}}}",204,25,70,106,23,0,32,20250809_cycle_3
0,0,410,2069.4000000000005,14.60325136866347,0,0,[],[],[],[],10.714600431760703,93.78888888888889,159,5466.666666666667,2069.4000000000005,2.73911603588735,"{'Ecoland_TrafficSignal': {'total_vehicles': 0, 'total_queue': 15, 'avg_waiting': 24.941176470588236, 'vehicle_types': {'car': 0, 'bus': 0, 'jeepney': 0, 'motorcycle': 0, 'truck': 0, 'tricycle': 0}}, 'JohnPaul_TrafficSignal': {'total_vehicles': 0, 'total_queue': 62, 'avg_waiting': 23.54320987654321, 'vehicle_types': {'car': 0, 'bus': 0, 'jeepney': 0, 'motorcycle': 0, 'truck': 0, 'tricycle': 0}}, 'Sandawa_TrafficSignal': {'total_vehicles': 0, 'total_queue': 13, 'avg_waiting': 3.58, 'vehicle_types': {'car': 0, 'bus': 0, 'jeepney': 0, 'motorcycle': 0, 'truck': 0, 'tricycle': 0}}}","{'Ecoland_TrafficSignal': {'total_vehicles': 0, 'total_queue': 15, 'avg_waiting': 24.941176470588236, 'vehicle_types': {'car': 0, 'bus': 0, 'jeepney': 0, 'motorcycle': 0, 'truck': 0, 'tricycle': 0}}, 'JohnPaul_TrafficSignal': {'total_vehicles': 0, 'total_queue': 62, 'avg_waiting': 23.54320987654321, 'vehicle_types': {'car': 0, 'bus': 0, 'jeepney': 0, 'motorcycle': 0, 'truck': 0, 'tricycle': 0}}, 'Sandawa_TrafficSignal': {'total_vehicles': 0, 'total_queue': 13, 'avg_waiting': 3.58, 'vehicle_types': {'car': 0, 'bus': 0, 'jeepney': 0, 'motorcycle': 0, 'truck': 0, 'tricycle': 0}}}",184,25,54,125,22,0,33,20250821_cycle_2
0,0,407,2195.0000000000005,15.255687737787563,0,0,[],[],[],[],10.585399368020116,93.96296296296296,166,5426.666666666667,2195.0000000000005,2.6219729118420556,"{'Ecoland_TrafficSignal': {'total_vehicles': 0, 'total_queue': 11, 'avg_waiting': 31.636363636363637, 'vehicle_types': {'car': 0, 'bus': 0, 'jeepney': 0, 'motorcycle': 0, 'truck': 0, 'tricycle': 0}}, 'JohnPaul_TrafficSignal': {'total_vehicles': 0, 'total_queue': 60, 'avg_waiting': 20.473684210526315, 'vehicle_types': {'car': 0, 'bus': 0, 'jeepney': 0, 'motorcycle': 0, 'truck': 0, 'tricycle': 0}}, 'Sandawa_TrafficSignal': {'total_vehicles': 0, 'total_queue': 17, 'avg_waiting': 5.96, 'vehicle_types': {'car': 0, 'bus': 0, 'jeepney': 0, 'motorcycle': 0, 'truck': 0, 'tricycle': 0}}}","{'Ecoland_TrafficSignal': {'total_vehicles': 0, 'total_queue': 11, 'avg_waiting': 31.636363636363637, 'vehicle_types': {'car': 0, 'bus': 0, 'jeepney': 0, 'motorcycle': 0, 'truck': 0, 'tricycle': 0}}, 'JohnPaul_TrafficSignal': {'total_vehicles': 0, 'total_queue': 60, 'avg_waiting': 20.473684210526315, 'vehicle_types': {'car': 0, 'bus': 0, 'jeepney': 0, 'motorcycle': 0, 'truck': 0, 'tricycle': 0}}, 'Sandawa_TrafficSignal': {'total_vehicles': 0, 'total_queue': 17, 'avg_waiting': 5.96, 'vehicle_types': {'car': 0, 'bus': 0, 'jeepney': 0, 'motorcycle': 0, 'truck': 0, 'tricycle': 0}}}",182,27,59,115,24,0,34,20250709_cycle_1
0,0,431,2093.8000000000006,14.745137556543646,0,0,[],[],[],[],10.693896779995644,102.66296296296296,158,5746.666666666667,2093.8000000000006,2.712758687167938,"{'Ecoland_TrafficSignal': {'total_vehicles': 0, 'total_queue': 10, 'avg_waiting': 24.5, 'vehicle_types': {'car': 0, 'bus': 0, 'jeepney': 0, 'motorcycle': 0, 'truck': 0, 'tricycle': 0}}, 'JohnPaul_TrafficSignal': {'total_vehicles': 0, 'total_queue': 102, 'avg_waiting': 31.830357142857142, 'vehicle_types': {'car': 0, 'bus': 0, 'jeepney': 0, 'motorcycle': 0, 'truck': 0, 'tricycle': 0}}, 'Sandawa_TrafficSignal': {'total_vehicles': 0, 'total_queue': 14, 'avg_waiting': 2.0, 'vehicle_types': {'car': 0, 'bus': 0, 'jeepney': 0, 'motorcycle': 0, 'truck': 0, 'tricycle': 0}}}","{'Ecoland_TrafficSignal': {'total_vehicles': 0, 'total_queue': 10, 'avg_waiting': 24.5, 'vehicle_types': {'car': 0, 'bus': 0, 'jeepney': 0, 'motorcycle': 0, 'truck': 0, 'tricycle': 0}}, 'JohnPaul_TrafficSignal': {'total_vehicles': 0, 'total_queue': 102, 'avg_waiting': 31.830357142857142, 'vehicle_types': {'car': 0, 'bus': 0, 'jeepney': 0, 'motorcycle': 0, 'truck': 0, 'tricycle': 0}}, 'Sandawa_TrafficSignal': {'total_vehicles': 0, 'total_queue': 14, 'avg_waiting': 2.0, 'vehicle_types': {'car': 0, 'bus': 0, 'jeepney': 0, 'motorcycle': 0, 'truck': 0, 'tricycle': 0}}}",198,23,59,131,20,0,35,20250716_cycle_1
0,0,402,1923.5999999999992,14.443721360582968,0,0,[],[],[],[],11.282684884176179,83.96296296296296,162,5360.0,1923.5999999999992,2.7693694028991946,"{'Ecoland_TrafficSignal': {'total_vehicles': 0, 'total_queue': 13, 'avg_waiting': 13.125, 'vehicle_types': {'car': 0, 'bus': 0, 'jeepney': 0, 'motorcycle': 0, 'truck': 0, 'tricycle': 0}}, 'JohnPaul_TrafficSignal': {'total_vehicles': 0, 'total_queue': 51, 'avg_waiting': 18.540983606557376, 'vehicle_types': {'car': 0, 'bus': 0, 'jeepney': 0, 'motorcycle': 0, 'truck': 0, 'tricycle': 0}}, 'Sandawa_TrafficSignal': {'total_vehicles': 0, 'total_queue': 18, 'avg_waiting': 4.392156862745098, 'vehicle_types': {'car': 0, 'bus': 0, 'jeepney': 0, 'motorcycle': 0, 'truck': 0, 'tricycle': 0}}}","{'Ecoland_TrafficSignal': {'total_vehicles': 0, 'total_queue': 13, 'avg_waiting': 13.125, 'vehicle_types': {'car': 0, 'bus': 0, 'jeepney': 0, 'motorcycle': 0, 'truck': 0, 'tricycle': 0}}, 'JohnPaul_TrafficSignal': {'total_vehicles': 0, 'total_queue': 51, 'avg_waiting': 18.540983606557376, 'vehicle_types': {'car': 0, 'bus': 0, 'jeepney': 0, 'motorcycle': 0, 'truck': 0, 'tricycle': 0}}, 'Sandawa_TrafficSignal': {'total_vehicles': 0, 'total_queue': 18, 'avg_waiting': 4.392156862745098, 'vehicle_types': {'car': 0, 'bus': 0, 'jeepney': 0, 'motorcycle': 0, 'truck': 0, 'tricycle': 0}}}",186,24,46,124,22,0,36,20250715_cycle_3
0,0,446,2138.699999999999,13.472637364332885,0,0,[],[],[],[],11.52512886956998,111.06296296296296,172,5946.666666666667,2138.699999999999,2.9689806767823335,"{'Ecoland_TrafficSignal': {'total_vehicles': 0, 'total_queue': 20, 'avg_waiting': 15.91304347826087, 'vehicle_types': {'car': 0, 'bus': 0, 'jeepney': 0, 'motorcycle': 0, 'truck': 0, 'tricycle': 0}}, 'JohnPaul_TrafficSignal': {'total_vehicles': 0, 'total_queue': 109, 'avg_waiting': 33.13740458015267, 'vehicle_types': {'car': 0, 'bus': 0, 'jeepney': 0, 'motorcycle': 0, 'truck': 0, 'tricycle': 0}}, 'Sandawa_TrafficSignal': {'total_vehicles': 0, 'total_queue': 13, 'avg_waiting': 1.625, 'vehicle_types': {'car': 0, 'bus': 0, 'jeepney': 0, 'motorcycle': 0, 'truck': 0, 'tricycle': 0}}}","{'Ecoland_TrafficSignal': {'total_vehicles': 0, 'total_queue': 20, 'avg_waiting': 15.91304347826087, 'vehicle_types': {'car': 0, 'bus': 0, 'jeepney': 0, 'motorcycle': 0, 'truck': 0, 'tricycle': 0}}, 'JohnPaul_TrafficSignal': {'total_vehicles': 0, 'total_queue': 109, 'avg_waiting': 33.13740458015267, 'vehicle_types': {'car': 0, 'bus': 0, 'jeepney': 0, 'motorcycle': 0, 'truck': 0, 'tricycle': 0}}, 'Sandawa_TrafficSignal': {'total_vehicles': 0, 'total_queue': 13, 'avg_waiting': 1.625, 'vehicle_types': {'car': 0, 'bus': 0, 'jeepney': 0, 'motorcycle': 0, 'truck': 0, 'tricycle': 0}}}",202,23,61,137,23,0,37,20250715_cycle_1
0,0,414,2167.0,14.332172554976314,0,0,[],[],[],[],10.42791621463102,103.3037037037037,164,5520.0,2167.0,2.7909236960806396,"{'Ecoland_TrafficSignal': {'total_vehicles': 0, 'total_queue': 11, 'avg_waiting': 16.928571428571427, 'vehicle_types': {'car': 0, 'bus': 0, 'jeepney': 0, 'motorcycle': 0, 'truck': 0, 'tricycle': 0}}, 'JohnPaul_TrafficSignal': {'total_vehicles': 0, 'total_queue': 93, 'avg_waiting': 28.79646017699115, 'vehicle_types': {'car': 0, 'bus': 0, 'jeepney': 0, 'motorcycle': 0, 'truck': 0, 'tricycle': 0}}, 'Sandawa_TrafficSignal': {'total_vehicles': 0, 'total_queue': 17, 'avg_waiting': 1.5081967213114753, 'vehicle_types': {'car': 0, 'bus': 0, 'jeepney': 0, 'motorcycle': 0, 'truck': 0, 'tricycle': 0}}}","{'Ecoland_TrafficSignal': {'total_vehicles': 0, 'total_queue': 11, 'avg_waiting': 16.928571428571427, 'vehicle_types': {'car': 0, 'bus': 0, 'jeepney': 0, 'motorcycle': 0, 'truck': 0, 'tricycle': 0}}, 'JohnPaul_TrafficSignal': {'total_vehicles': 0, 'total_queue': 93, 'avg_waiting': 28.79646017699115, 'vehicle_types': {'car': 0, 'bus': 0, 'jeepney': 0, 'motorcycle': 0, 'truck': 0, 'tricycle': 0}}, 'Sandawa_TrafficSignal': {'total_vehicles': 0, 'total_queue': 17, 'avg_waiting': 1.5081967213114753, 'vehicle_types': {'car': 0, 'bus': 0, 'jeepney': 0, 'motorcycle': 0, 'truck': 0, 'tricycle': 0}}}",191,24,64,114,21,0,38,20250811_cycle_3
0,0,413,2253.7000000000007,14.822569894575386,0,0,[],[],[],[],10.498261731914372,88.9,159,5506.666666666667,2253.7000000000007,2.6985873761768393,"{'Ecoland_TrafficSignal': {'total_vehicles': 0, 'total_queue': 13, 'avg_waiting': 25.933333333333334, 'vehicle_types': {'car': 0, 'bus': 0, 'jeepney': 0, 'motorcycle': 0, 'truck': 0, 'tricycle': 0}}, 'JohnPaul_TrafficSignal': {'total_vehicles': 0, 'total_queue': 61, 'avg_waiting': 24.64, 'vehicle_types': {'car': 0, 'bus': 0, 'jeepney': 0, 'motorcycle': 0, 'truck': 0, 'tricycle': 0}}, 'Sandawa_TrafficSignal': {'total_vehicles': 0, 'total_queue': 5, 'avg_waiting': 1.0, 'vehicle_types': {'car': 0, 'bus': 0, 'jeepney': 0, 'motorcycle': 0, 'truck': 0, 'tricycle': 0}}}","{'Ecoland_TrafficSignal': {'total_vehicles': 0, 'total_queue': 13, 'avg_waiting': 25.933333333333334, 'vehicle_types': {'car': 0, 'bus': 0, 'jeepney': 0, 'motorcycle': 0, 'truck': 0, 'tricycle': 0}}, 'JohnPaul_TrafficSignal': {'total_vehicles': 0, 'total_queue': 61, 'avg_waiting': 24.64, 'vehicle_types': {'car': 0, 'bus': 0, 'jeepney': 0, 'motorcycle': 0, 'truck': 0, 'tricycle': 0}}, 'Sandawa_TrafficSignal': {'total_vehicles': 0, 'total_queue': 5, 'avg_waiting': 1.0, 'vehicle_types': {'car': 0, 'bus': 0, 'jeepney': 0, 'motorcycle': 0, 'truck': 0, 'tricycle': 0}}}",186,24,71,109,23,0,39,20250707_cycle_3
0,0,439,2167.7000000000007,14.548183871711965,0,0,[],[],[],[],9.945622062832433,89.94444444444444,161,5853.333333333334,2167.7000000000007,2.749484083561626,"{'Ecoland_TrafficSignal': {'total_vehicles': 0, 'total_queue': 21, 'avg_waiting': 18.727272727272727, 'vehicle_types': {'car': 0, 'bus': 0, 'jeepney': 0, 'motorcycle': 0, 'truck': 0, 'tricycle': 0}}, 'JohnPaul_TrafficSignal': {'total_vehicles': 0, 'total_queue': 49, 'avg_waiting': 14.4375, 'vehicle_types': {'car': 0, 'bus': 0, 'jeepney': 0, 'motorcycle': 0, 'truck': 0, 'tricycle': 0}}, 'Sandawa_TrafficSignal': {'total_vehicles': 0, 'total_queue': 5, 'avg_waiting': 0.6578947368421053, 'vehicle_types': {'car': 0, 'bus': 0, 'jeepney': 0, 'motorcycle': 0, 'truck': 0, 'tricycle': 0}}}","{'Ecoland_TrafficSignal': {'total_vehicles': 0, 'total_queue': 21, 'avg_waiting': 18.727272727272727, 'vehicle_types': {'car': 0, 'bus': 0, 'jeepney': 0, 'motorcycle': 0, 'truck': 0, 'tricycle': 0}}, 'JohnPaul_TrafficSignal': {'total_vehicles': 0, 'total_queue': 49, 'avg_waiting': 14.4375, 'vehicle_types': {'car': 0, 'bus': 0, 'jeepney': 0, 'motorcycle': 0, 'truck': 0, 'tricycle': 0}}, 'Sandawa_TrafficSignal': {'total_vehicles': 0, 'total_queue': 5, 'avg_waiting': 0.6578947368421053, 'vehicle_types': {'car': 0, 'bus': 0, 'jeepney': 0, 'motorcycle': 0, 'truck': 0, 'tricycle': 0}}}",189,26,56,144,24,0,40,20250717_cycle_3
0,0,422,2207.499999999999,15.165259741510123,0,0,[],[],[],[],9.642358487440339,77.67777777777778,156,5626.666666666667,2207.499999999999,2.6376073131482607,"{'Ecoland_TrafficSignal': {'total_vehicles': 0, 'total_queue': 12, 'avg_waiting': 17.142857142857142, 'vehicle_types': {'car': 0, 'bus': 0, 'jeepney': 0, 'motorcycle': 0, 'truck': 0, 'tricycle': 0}}, 'JohnPaul_TrafficSignal': {'total_vehicles': 0, 'total_queue': 58, 'avg_waiting': 18.95774647887324, 'vehicle_types': {'car': 0, 'bus': 0, 'jeepney': 0, 'motorcycle': 0, 'truck': 0, 'tricycle': 0}}, 'Sandawa_TrafficSignal': {'total_vehicles': 0, 'total_queue': 11, 'avg_waiting': 0.8723404255319149, 'vehicle_types': {'car': 0, 'bus': 0, 'jeepney': 0, 'motorcycle': 0, 'truck': 0, 'tricycle': 0}}}","{'Ecoland_TrafficSignal': {'total_vehicles': 0, 'total_queue': 12, 'avg_waiting': 17.142857142857142, 'vehicle_types': {'car': 0, 'bus': 0, 'jeepney': 0, 'motorcycle': 0, 'truck': 0, 'tricycle': 0}}, 'JohnPaul_TrafficSignal': {'total_vehicles': 0, 'total_queue': 58, 'avg_waiting': 18.95774647887324, 'vehicle_types': {'car': 0, 'bus': 0, 'jeepney': 0, 'motorcycle': 0, 'truck': 0, 'tricycle': 0}}, 'Sandawa_TrafficSignal': {'total_vehicles': 0, 'total_queue': 11, 'avg_waiting': 0.8723404255319149, 'vehicle_types': {'car': 0, 'bus': 0, 'jeepney': 0, 'motorcycle': 0, 'truck': 0, 'tricycle': 0}}}",192,26,61,122,21,0,41,20250819_cycle_2
0,0,426,2254.4999999999986,14.645143308970255,0,0,[],[],[],[],10.377691003611393,93.5925925925926,162,5680.0,2254.4999999999986,2.7312808865106644,"{'Ecoland_TrafficSignal': {'total_vehicles': 0, 'total_queue': 15, 'avg_waiting': 17.0, 'vehicle_types': {'car': 0, 'bus': 0, 'jeepney': 0, 'motorcycle': 0, 'truck': 0, 'tricycle': 0}}, 'JohnPaul_TrafficSignal': {'total_vehicles': 0, 'total_queue': 65, 'avg_waiting': 20.948453608247423, 'vehicle_types': {'car': 0, 'bus': 0, 'jeepney': 0, 'motorcycle': 0, 'truck': 0, 'tricycle': 0}}, 'Sandawa_TrafficSignal': {'total_vehicles': 0, 'total_queue': 15, 'avg_waiting': 2.3404255319148937, 'vehicle_types': {'car': 0, 'bus': 0, 'jeepney': 0, 'motorcycle': 0, 'truck': 0, 'tricycle': 0}}}","{'Ecoland_TrafficSignal': {'total_vehicles': 0, 'total_queue': 15, 'avg_waiting': 17.0, 'vehicle_types': {'car': 0, 'bus': 0, 'jeepney': 0, 'motorcycle': 0, 'truck': 0, 'tricycle': 0}}, 'JohnPaul_TrafficSignal': {'total_vehicles': 0, 'total_queue': 65, 'avg_waiting': 20.948453608247423, 'vehicle_types': {'car': 0, 'bus': 0, 'jeepney': 0, 'motorcycle': 0, 'truck': 0, 'tricycle': 0}}, 'Sandawa_TrafficSignal': {'total_vehicles': 0, 'total_queue': 15, 'avg_waiting': 2.3404255319148937, 'vehicle_types': {'car': 0, 'bus': 0, 'jeepney': 0, 'motorcycle': 0, 'truck': 0, 'tricycle': 0}}}",192,25,67,119,23,0,42,20250811_cycle_2
0,0,430,2145.4,14.112185649690677,0,0,[],[],[],[],10.74212892433327,108.37037037037037,167,5733.333333333334,2145.4,2.8344298319854344,"{'Ecoland_TrafficSignal': {'total_vehicles': 0, 'total_queue': 18, 'avg_waiting': 22.263157894736842, 'vehicle_types': {'car': 0, 'bus': 0, 'jeepney': 0, 'motorcycle': 0, 'truck': 0, 'tricycle': 0}}, 'JohnPaul_TrafficSignal': {'total_vehicles': 0, 'total_queue': 102, 'avg_waiting': 28.0234375, 'vehicle_types': {'car': 0, 'bus': 0, 'jeepney': 0, 'motorcycle': 0, 'truck': 0, 'tricycle': 0}}, 'Sandawa_TrafficSignal': {'total_vehicles': 0, 'total_queue': 6, 'avg_waiting': 0.4782608695652174, 'vehicle_types': {'car': 0, 'bus': 0, 'jeepney': 0, 'motorcycle': 0, 'truck': 0, 'tricycle': 0}}}","{'Ecoland_TrafficSignal': {'total_vehicles': 0, 'total_queue': 18, 'avg_waiting': 22.263157894736842, 'vehicle_types': {'car': 0, 'bus': 0, 'jeepney': 0, 'motorcycle': 0, 'truck': 0, 'tricycle': 0}}, 'JohnPaul_TrafficSignal': {'total_vehicles': 0, 'total_queue': 102, 'avg_waiting': 28.0234375, 'vehicle_types': {'car': 0, 'bus': 0, 'jeepney': 0, 'motorcycle': 0, 'truck': 0, 'tricycle': 0}}, 'Sandawa_TrafficSignal': {'total_vehicles': 0, 'total_queue': 6, 'avg_waiting': 0.4782608695652174, 'vehicle_types': {'car': 0, 'bus': 0, 'jeepney': 0, 'motorcycle': 0, 'truck': 0, 'tricycle': 0}}}",208,25,58,117,22,0,43,20250805_cycle_2
0,0,442,2197.800000000001,14.317162676072117,0,0,[],[],[],[],9.67523800914977,92.4,161,5893.333333333334,2197.800000000001,2.793849654781873,"{'Ecoland_TrafficSignal': {'total_vehicles': 0, 'total_queue': 26, 'avg_waiting': 24.178571428571427, 'vehicle_types': {'car': 0, 'bus': 0, 'jeepney': 0, 'motorcycle': 0, 'truck': 0, 'tricycle': 0}}, 'JohnPaul_TrafficSignal': {'total_vehicles': 0, 'total_queue': 61, 'avg_waiting': 21.962025316455698, 'vehicle_types': {'car': 0, 'bus': 0, 'jeepney': 0, 'motorcycle': 0, 'truck': 0, 'tricycle': 0}}, 'Sandawa_TrafficSignal': {'total_vehicles': 0, 'total_queue': 6, 'avg_waiting': 0.3023255813953488, 'vehicle_types': {'car': 0, 'bus': 0, 'jeepney': 0, 'motorcycle': 0, 'truck': 0, 'tricycle': 0}}}","{'Ecoland_TrafficSignal': {'total_vehicles': 0, 'total_queue': 26, 'avg_waiting': 24.178571428571427, 'vehicle_types': {'car': 0, 'bus': 0, 'jeepney': 0, 'motorcycle': 0, 'truck': 0, 'tricycle': 0}}, 'JohnPaul_TrafficSignal': {'total_vehicles': 0, 'total_queue': 61, 'avg_waiting': 21.962025316455698, 'vehicle_types': {'car': 0, 'bus': 0, 'jeepney': 0, 'motorcycle': 0, 'truck': 0, 'tricycle': 0}}, 'Sandawa_TrafficSignal': {'total_vehicles': 0, 'total_queue': 6, 'avg_waiting': 0.3023255813953488, 'vehicle_types': {'car': 0, 'bus': 0, 'jeepney': 0, 'motorcycle': 0, 'truck': 0, 'tricycle': 0}}}",191,23,66,141,21,0,44,20250716_cycle_3
0,0,421,2101.2999999999993,13.715788907121057,0,0,[],[],[],[],10.676184479708581,101.43333333333334,167,5613.333333333334,2101.2999999999993,2.916347012254798,"{'Ecoland_TrafficSignal': {'total_vehicles': 0, 'total_queue': 20, 'avg_waiting': 19.40909090909091, 'vehicle_types': {'car': 0, 'bus': 0, 'jeepney': 0, 'motorcycle': 0, 'truck': 0, 'tricycle': 0}}, 'JohnPaul_TrafficSignal': {'total_vehicles': 0, 'total_queue': 79, 'avg_waiting': 26.81, 'vehicle_types': {'car': 0, 'bus': 0, 'jeepney': 0, 'motorcycle': 0, 'truck': 0, 'tricycle': 0}}, 'Sandawa_TrafficSignal': {'total_vehicles': 0, 'total_queue': 8, 'avg_waiting': 1.3555555555555556, 'vehicle_types': {'car': 0, 'bus': 0, 'jeepney': 0, 'motorcycle': 0, 'truck': 0, 'tricycle': 0}}}","{'Ecoland_TrafficSignal': {'total_vehicles': 0, 'total_queue': 20, 'avg_waiting': 19.40909090909091, 'vehicle_types': {'car': 0, 'bus': 0, 'jeepney': 0, 'motorcycle': 0, 'truck': 0, 'tricycle': 0}}, 'JohnPaul_TrafficSignal': {'total_vehicles': 0, 'total_queue': 79, 'avg_waiting': 26.81, 'vehicle_types': {'car': 0, 'bus': 0, 'jeepney': 0, 'motorcycle': 0, 'truck': 0, 'tricycle': 0}}, 'Sandawa_TrafficSignal': {'total_vehicles': 0, 'total_queue': 8, 'avg_waiting': 1.3555555555555556, 'vehicle_types': {'car': 0, 'bus': 0, 'jeepney': 0, 'motorcycle': 0, 'truck': 0, 'tricycle': 0}}}",190,24,58,128,21,0,45,20250809_cycle_2
0,0,415,2202.2000000000003,15.026056147803509,0,0,[],[],[],[],9.797881605115105,81.28888888888889,162,5533.333333333334,2202.2000000000003,2.6620424951524724,"{'Ecoland_TrafficSignal': {'total_vehicles': 0, 'total_queue': 19, 'avg_waiting': 16.095238095238095, 'vehicle_types': {'car': 0, 'bus': 0, 'jeepney': 0, 'motorcycle': 0, 'truck': 0, 'tricycle': 0}}, 'JohnPaul_TrafficSignal': {'total_vehicles': 0, 'total_queue': 55, 'avg_waiting': 14.63768115942029, 'vehicle_types': {'car': 0, 'bus': 0, 'jeepney': 0, 'motorcycle': 0, 'truck': 0, 'tricycle': 0}}, 'Sandawa_TrafficSignal': {'total_vehicles': 0, 'total_queue': 8, 'avg_waiting': 2.0232558139534884, 'vehicle_types': {'car': 0, 'bus': 0, 'jeepney': 0, 'motorcycle': 0, 'truck': 0, 'tricycle': 0}}}","{'Ecoland_TrafficSignal': {'total_vehicles': 0, 'total_queue': 19, 'avg_waiting': 16.095238095238095, 'vehicle_types': {'car': 0, 'bus': 0, 'jeepney': 0, 'motorcycle': 0, 'truck': 0, 'tricycle': 0}}, 'JohnPaul_TrafficSignal': {'total_vehicles': 0, 'total_queue': 55, 'avg_waiting': 14.63768115942029, 'vehicle_types': {'car': 0, 'bus': 0, 'jeepney': 0, 'motorcycle': 0, 'truck': 0, 'tricycle': 0}}, 'Sandawa_TrafficSignal': {'total_vehicles': 0, 'total_queue': 8, 'avg_waiting': 2.0232558139534884, 'vehicle_types': {'car': 0, 'bus': 0, 'jeepney': 0, 'motorcycle': 0, 'truck': 0, 'tricycle': 0}}}",189,25,64,116,21,0,46,20250812_cycle_2
0,0,416,2073.6000000000013,13.457627741294672,0,0,[],[],[],[],10.952500403866363,92.9,168,5546.666666666667,2073.6000000000013,2.9722920539152806,"{'Ecoland_TrafficSignal': {'total_vehicles': 0, 'total_queue': 27, 'avg_waiting': 19.88888888888889, 'vehicle_types': {'car': 0, 'bus': 0, 'jeepney': 0, 'motorcycle': 0, 'truck': 0, 'tricycle': 0}}, 'JohnPaul_TrafficSignal': {'total_vehicles': 0, 'total_queue': 73, 'avg_waiting': 21.49484536082474, 'vehicle_types': {'car': 0, 'bus': 0, 'jeepney': 0, 'motorcycle': 0, 'truck': 0, 'tricycle': 0}}, 'Sandawa_TrafficSignal': {'total_vehicles': 0, 'total_queue': 3, 'avg_waiting': 0.10810810810810811, 'vehicle_types': {'car': 0, 'bus': 0, 'jeepney': 0, 'motorcycle': 0, 'truck': 0, 'tricycle': 0}}}","{'Ecoland_TrafficSignal': {'total_vehicles': 0, 'total_queue': 27, 'avg_waiting': 19.88888888888889, 'vehicle_types': {'car': 0, 'bus': 0, 'jeepney': 0, 'motorcycle': 0, 'truck': 0, 'tricycle': 0}}, 'JohnPaul_TrafficSignal': {'total_vehicles': 0, 'total_queue': 73, 'avg_waiting': 21.49484536082474, 'vehicle_types': {'car': 0, 'bus': 0, 'jeepney': 0, 'motorcycle': 0, 'truck': 0, 'tricycle': 0}}, 'Sandawa_TrafficSignal': {'total_vehicles': 0, 'total_queue': 3, 'avg_waiting': 0.10810810810810811, 'vehicle_types': {'car': 0, 'bus': 0, 'jeepney': 0, 'motorcycle': 0, 'truck': 0, 'tricycle': 0}}}",187,23,59,126,21,0,47,20250701_cycle_2
0,0,424,2171.1999999999994,13.934252307436987,0,0,[],[],[],[],11.011708233672055,106.35555555555555,165,5653.333333333334,2171.1999999999994,2.8706240648916057,"{'Ecoland_TrafficSignal': {'total_vehicles': 0, 'total_queue': 15, 'avg_waiting': 24.176470588235293, 'vehicle_types': {'car': 0, 'bus': 0, 'jeepney': 0, 'motorcycle': 0, 'truck': 0, 'tricycle': 0}}, 'JohnPaul_TrafficSignal': {'total_vehicles': 0, 'total_queue': 94, 'avg_waiting': 29.846153846153847, 'vehicle_types': {'car': 0, 'bus': 0, 'jeepney': 0, 'motorcycle': 0, 'truck': 0, 'tricycle': 0}}, 'Sandawa_TrafficSignal': {'total_vehicles': 0, 'total_queue': 10, 'avg_waiting': 3.0, 'vehicle_types': {'car': 0, 'bus': 0, 'jeepney': 0, 'motorcycle': 0, 'truck': 0, 'tricycle': 0}}}","{'Ecoland_TrafficSignal': {'total_vehicles': 0, 'total_queue': 15, 'avg_waiting': 24.176470588235293, 'vehicle_types': {'car': 0, 'bus': 0, 'jeepney': 0, 'motorcycle': 0, 'truck': 0, 'tricycle': 0}}, 'JohnPaul_TrafficSignal': {'total_vehicles': 0, 'total_queue': 94, 'avg_waiting': 29.846153846153847, 'vehicle_types': {'car': 0, 'bus': 0, 'jeepney': 0, 'motorcycle': 0, 'truck': 0, 'tricycle': 0}}, 'Sandawa_TrafficSignal': {'total_vehicles': 0, 'total_queue': 10, 'avg_waiting': 3.0, 'vehicle_types': {'car': 0, 'bus': 0, 'jeepney': 0, 'motorcycle': 0, 'truck': 0, 'tricycle': 0}}}",205,23,66,109,21,0,48,20250714_cycle_1
0,0,420,2140.599999999999,14.03227552243088,0,0,[],[],[],[],11.576054211270032,106.77407407407408,165,5600.0,2140.599999999999,2.8505711661703894,"{'Ecoland_TrafficSignal': {'total_vehicles': 0, 'total_queue': 16, 'avg_waiting': 12.8125, 'vehicle_types': {'car': 0, 'bus': 0, 'jeepney': 0, 'motorcycle': 0, 'truck': 0, 'tricycle': 0}}, 'JohnPaul_TrafficSignal': {'total_vehicles': 0, 'total_queue': 94, 'avg_waiting': 30.765217391304347, 'vehicle_types': {'car': 0, 'bus': 0, 'jeepney': 0, 'motorcycle': 0, 'truck': 0, 'tricycle': 0}}, 'Sandawa_TrafficSignal': {'total_vehicles': 0, 'total_queue': 14, 'avg_waiting': 3.576923076923077, 'vehicle_types': {'car': 0, 'bus': 0, 'jeepney': 0, 'motorcycle': 0, 'truck': 0, 'tricycle': 0}}}","{'Ecoland_TrafficSignal': {'total_vehicles': 0, 'total_queue': 16, 'avg_waiting': 12.8125, 'vehicle_types': {'car': 0, 'bus': 0, 'jeepney': 0, 'motorcycle': 0, 'truck': 0, 'tricycle': 0}}, 'JohnPaul_TrafficSignal': {'total_vehicles': 0, 'total_queue': 94, 'avg_waiting': 30.765217391304347, 'vehicle_types': {'car': 0, 'bus': 0, 'jeepney': 0, 'motorcycle': 0, 'truck': 0, 'tricycle': 0}}, 'Sandawa_TrafficSignal': {'total_vehicles': 0, 'total_queue': 14, 'avg_waiting': 3.576923076923077, 'vehicle_types': {'car': 0, 'bus': 0, 'jeepney': 0, 'motorcycle': 0, 'truck': 0, 'tricycle': 0}}}",206,23,64,107,20,0,49,20250701_cycle_3
0,0,420,2148.7999999999997,14.327738077202428,0,0,[],[],[],[],11.095859391657976,98.31851851851852,163,5600.0,2148.7999999999997,2.7917874953092547,"{'Ecoland_TrafficSignal': {'total_vehicles': 0, 'total_queue': 17, 'avg_waiting': 18.047619047619047, 'vehicle_types': {'car': 0, 'bus': 0, 'jeepney': 0, 'motorcycle': 0, 'truck': 0, 'tricycle': 0}}, 'JohnPaul_TrafficSignal': {'total_vehicles': 0, 'total_queue': 73, 'avg_waiting': 31.28735632183908, 'vehicle_types': {'car': 0, 'bus': 0, 'jeepney': 0, 'motorcycle': 0, 'truck': 0, 'tricycle': 0}}, 'Sandawa_TrafficSignal': {'total_vehicles': 0, 'total_queue': 0, 'avg_waiting': 0.0, 'vehicle_types': {'car': 0, 'bus': 0, 'jeepney': 0, 'motorcycle': 0, 'truck': 0, 'tricycle': 0}}}","{'Ecoland_TrafficSignal': {'total_vehicles': 0, 'total_queue': 17, 'avg_waiting': 18.047619047619047, 'vehicle_types': {'car': 0, 'bus': 0, 'jeepney': 0, 'motorcycle': 0, 'truck': 0, 'tricycle': 0}}, 'JohnPaul_TrafficSignal': {'total_vehicles': 0, 'total_queue': 73, 'avg_waiting': 31.28735632183908, 'vehicle_types': {'car': 0, 'bus': 0, 'jeepney': 0, 'motorcycle': 0, 'truck': 0, 'tricycle': 0}}, 'Sandawa_TrafficSignal': {'total_vehicles': 0, 'total_queue': 0, 'avg_waiting': 0.0, 'vehicle_types': {'car': 0, 'bus': 0, 'jeepney': 0, 'motorcycle': 0, 'truck': 0, 'tricycle': 0}}}",202,24,62,110,22,0,50,20250814_cycle_3
0,0,429,2111.0000000000005,14.428177977244804,0,0,[],[],[],[],11.693232825605508,103.04814814814814,169,5720.0,2111.0000000000005,2.772352826745375,"{'Ecoland_TrafficSignal': {'total_vehicles': 0, 'total_queue': 10, 'avg_waiting': 19.0, 'vehicle_types': {'car': 0, 'bus': 0, 'jeepney': 0, 'motorcycle': 0, 'truck': 0, 'tricycle': 0}}, 'JohnPaul_TrafficSignal': {'total_vehicles': 0, 'total_queue': 89, 'avg_waiting': 31.49514563106796, 'vehicle_types': {'car': 0, 'bus': 0, 'jeepney': 0, 'motorcycle': 0, 'truck': 0, 'tricycle': 0}}, 'Sandawa_TrafficSignal': {'total_vehicles': 0, 'total_queue': 11, 'avg_waiting': 0.75, 'vehicle_types': {'car': 0, 'bus': 0, 'jeepney': 0, 'motorcycle': 0, 'truck': 0, 'tricycle': 0}}}","{'Ecoland_TrafficSignal': {'total_vehicles': 0, 'total_queue': 10, 'avg_waiting': 19.0, 'vehicle_types': {'car': 0, 'bus': 0, 'jeepney': 0, 'motorcycle': 0, 'truck': 0, 'tricycle': 0}}, 'JohnPaul_TrafficSignal': {'total_vehicles': 0, 'total_queue': 89, 'avg_waiting': 31.49514563106796, 'vehicle_types': {'car': 0, 'bus': 0, 'jeepney': 0, 'motorcycle': 0, 'truck': 0, 'tricycle': 0}}, 'Sandawa_TrafficSignal': {'total_vehicles': 0, 'total_queue': 11, 'avg_waiting': 0.75, 'vehicle_types': {'car': 0, 'bus': 0, 'jeepney': 0, 'motorcycle': 0, 'truck': 0, 'tricycle': 0}}}",205,24,58,121,21,0,51,20250807_cycle_1
0,0,387,1914.999999999999,14.731615710122881,0,0,[],[],[],[],11.427359724165534,94.01851851851852,159,5160.0,1914.999999999999,2.715248672453074,"{'Ecoland_TrafficSignal': {'total_vehicles': 0, 'total_queue': 11, 'avg_waiting': 23.846153846153847, 'vehicle_types': {'car': 0, 'bus': 0, 'jeepney': 0, 'motorcycle': 0, 'truck': 0, 'tricycle': 0}}, 'JohnPaul_TrafficSignal': {'total_vehicles': 0, 'total_queue': 60, 'avg_waiting': 23.960526315789473, 'vehicle_types': {'car': 0, 'bus': 0, 'jeepney': 0, 'motorcycle': 0, 'truck': 0, 'tricycle': 0}}, 'Sandawa_TrafficSignal': {'total_vehicles': 0, 'total_queue': 10, 'avg_waiting': 1.2962962962962963, 'vehicle_types': {'car': 0, 'bus': 0, 'jeepney': 0, 'motorcycle': 0, 'truck': 0, 'tricycle': 0}}}","{'Ecoland_TrafficSignal': {'total_vehicles': 0, 'total_queue': 11, 'avg_waiting': 23.846153846153847, 'vehicle_types': {'car': 0, 'bus': 0, 'jeepney': 0, 'motorcycle': 0, 'truck': 0, 'tricycle': 0}}, 'JohnPaul_TrafficSignal': {'total_vehicles': 0, 'total_queue': 60, 'avg_waiting': 23.960526315789473, 'vehicle_types': {'car': 0, 'bus': 0, 'jeepney': 0, 'motorcycle': 0, 'truck': 0, 'tricycle': 0}}, 'Sandawa_TrafficSignal': {'total_vehicles': 0, 'total_queue': 10, 'avg_waiting': 1.2962962962962963, 'vehicle_types': {'car': 0, 'bus': 0, 'jeepney': 0, 'motorcycle': 0, 'truck': 0, 'tricycle': 0}}}",185,24,47,108,23,0,52,20250804_cycle_3
0,0,414,2064.5999999999985,13.881147425455113,0,0,[],[],[],[],11.152593184305465,92.54814814814814,165,5520.0,2064.5999999999985,2.881606165110558,"{'Ecoland_TrafficSignal': {'total_vehicles': 0, 'total_queue': 15, 'avg_waiting': 14.529411764705882, 'vehicle_types': {'car': 0, 'bus': 0, 'jeepney': 0, 'motorcycle': 0, 'truck': 0, 'tricycle': 0}}, 'JohnPaul_TrafficSignal': {'total_vehicles': 0, 'total_queue': 74, 'avg_waiting': 24.17241379310345, 'vehicle_types': {'car': 0, 'bus': 0, 'jeepney': 0, 'motorcycle': 0, 'truck': 0, 'tricycle': 0}}, 'Sandawa_TrafficSignal': {'total_vehicles': 0, 'total_queue': 13, 'avg_waiting': 0.5952380952380952, 'vehicle_types': {'car': 0, 'bus': 0, 'jeepney': 0, 'motorcycle': 0, 'truck': 0, 'tricycle': 0}}}","{'Ecoland_TrafficSignal': {'total_vehicles': 0, 'total_queue': 15, 'avg_waiting': 14.529411764705882, 'vehicle_types': {'car': 0, 'bus': 0, 'jeepney': 0, 'motorcycle': 0, 'truck': 0, 'tricycle': 0}}, 'JohnPaul_TrafficSignal': {'total_vehicles': 0, 'total_queue': 74, 'avg_waiting': 24.17241379310345, 'vehicle_types': {'car': 0, 'bus': 0, 'jeepney': 0, 'motorcycle': 0, 'truck': 0, 'tricycle': 0}}, 'Sandawa_TrafficSignal': {'total_vehicles': 0, 'total_queue': 13, 'avg_waiting': 0.5952380952380952, 'vehicle_types': {'car': 0, 'bus': 0, 'jeepney': 0, 'motorcycle': 0, 'truck': 0, 'tricycle': 0}}}",204,24,56,108,22,0,53,20250814_cycle_2
0,0,426,2241.600000000001,15.002493074774536,0,0,[],[],[],[],10.03594077035101,91.55185185185185,166,5680.0,2241.600000000001,2.666223527025433,"{'Ecoland_TrafficSignal': {'total_vehicles': 0, 'total_queue': 17, 'avg_waiting': 22.4, 'vehicle_types': {'car': 0, 'bus': 0, 'jeepney': 0, 'motorcycle': 0, 'truck': 0, 'tricycle': 0}}, 'JohnPaul_TrafficSignal': {'total_vehicles': 0, 'total_queue': 70, 'avg_waiting': 21.928571428571427, 'vehicle_types': {'car': 0, 'bus': 0, 'jeepney': 0, 'motorcycle': 0, 'truck': 0, 'tricycle': 0}}, 'Sandawa_TrafficSignal': {'total_vehicles': 0, 'total_queue': 11, 'avg_waiting': 1.1923076923076923, 'vehicle_types': {'car': 0, 'bus': 0, 'jeepney': 0, 'motorcycle': 0, 'truck': 0, 'tricycle': 0}}}","{'Ecoland_TrafficSignal': {'total_vehicles': 0, 'total_queue': 17, 'avg_waiting': 22.4, 'vehicle_types': {'car': 0, 'bus': 0, 'jeepney': 0, 'motorcycle': 0, 'truck': 0, 'tricycle': 0}}, 'JohnPaul_TrafficSignal': {'total_vehicles': 0, 'total_queue': 70, 'avg_waiting': 21.928571428571427, 'vehicle_types': {'car': 0, 'bus': 0, 'jeepney': 0, 'motorcycle': 0, 'truck': 0, 'tricycle': 0}}, 'Sandawa_TrafficSignal': {'total_vehicles': 0, 'total_queue': 11, 'avg_waiting': 1.1923076923076923, 'vehicle_types': {'car': 0, 'bus': 0, 'jeepney': 0, 'motorcycle': 0, 'truck': 0, 'tricycle': 0}}}",195,25,66,117,23,0,54,20250714_cycle_3
0,0,435,2182.4000000000015,13.981047691485992,0,0,[],[],[],[],10.743092847948862,100.56296296296296,166,5800.0,2182.4000000000015,2.861015918310522,"{'Ecoland_TrafficSignal': {'total_vehicles': 0, 'total_queue': 21, 'avg_waiting': 22.0, 'vehicle_types': {'car': 0, 'bus': 0, 'jeepney': 0, 'motorcycle': 0, 'truck': 0, 'tricycle': 0}}, 'JohnPaul_TrafficSignal': {'total_vehicles': 0, 'total_queue': 76, 'avg_waiting': 26.93548387096774, 'vehicle_types': {'car': 0, 'bus': 0, 'jeepney': 0, 'motorcycle': 0, 'truck': 0, 'tricycle': 0}}, 'Sandawa_TrafficSignal': {'total_vehicles': 0, 'total_queue': 13, 'avg_waiting': 2.1627906976744184, 'vehicle_types': {'car': 0, 'bus': 0, 'jeepney': 0, 'motorcycle': 0, 'truck': 0, 'tricycle': 0}}}","{'Ecoland_TrafficSignal': {'total_vehicles': 0, 'total_queue': 21, 'avg_waiting': 22.0, 'vehicle_types': {'car': 0, 'bus': 0, 'jeepney': 0, 'motorcycle': 0, 'truck': 0, 'tricycle': 0}}, 'JohnPaul_TrafficSignal': {'total_vehicles': 0, 'total_queue': 76, 'avg_waiting': 26.93548387096774, 'vehicle_types': {'car': 0, 'bus': 0, 'jeepney': 0, 'motorcycle': 0, 'truck': 0, 'tricycle': 0}}, 'Sandawa_TrafficSignal': {'total_vehicles': 0, 'total_queue': 13, 'avg_waiting': 2.1627906976744184, 'vehicle_types': {'car': 0, 'bus': 0, 'jeepney': 0, 'motorcycle': 0, 'truck': 0, 'tricycle': 0}}}",193,24,63,130,25,0,55,20250815_cycle_2
0,0,436,2230.1999999999985,14.285126435682885,0,0,[],[],[],[],10.551242192305642,104.0925925925926,164,5813.333333333334,2230.1999999999985,2.8001152233475377,"{'Ecoland_TrafficSignal': {'total_vehicles': 0, 'total_queue': 20, 'avg_waiting': 20.80952380952381, 'vehicle_types': {'car': 0, 'bus': 0, 'jeepney': 0, 'motorcycle': 0, 'truck': 0, 'tricycle': 0}}, 'JohnPaul_TrafficSignal': {'total_vehicles': 0, 'total_queue': 100, 'avg_waiting': 30.763157894736842, 'vehicle_types': {'car': 0, 'bus': 0, 'jeepney': 0, 'motorcycle': 0, 'truck': 0, 'tricycle': 0}}, 'Sandawa_TrafficSignal': {'total_vehicles': 0, 'total_queue': 6, 'avg_waiting': 2.0, 'vehicle_types': {'car': 0, 'bus': 0, 'jeepney': 0, 'motorcycle': 0, 'truck': 0, 'tricycle': 0}}}","{'Ecoland_TrafficSignal': {'total_vehicles': 0, 'total_queue': 20, 'avg_waiting': 20.80952380952381, 'vehicle_types': {'car': 0, 'bus': 0, 'jeepney': 0, 'motorcycle': 0, 'truck': 0, 'tricycle': 0}}, 'JohnPaul_TrafficSignal': {'total_vehicles': 0, 'total_queue': 100, 'avg_waiting': 30.763157894736842, 'vehicle_types': {'car': 0, 'bus': 0, 'jeepney': 0, 'motorcycle': 0, 'truck': 0, 'tricycle': 0}}, 'Sandawa_TrafficSignal': {'total_vehicles': 0, 'total_queue': 6, 'avg_waiting': 2.0, 'vehicle_types': {'car': 0, 'bus': 0, 'jeepney': 0, 'motorcycle': 0, 'truck': 0, 'tricycle': 0}}}",200,25,64,125,22,0,56,20250707_cycle_2
0,0,412,2083.299999999999,14.339235940820256,0,0,[],[],[],[],10.148111161546748,92.60740740740741,164,5493.333333333334,2083.299999999999,2.7895489107707543,"{'Ecoland_TrafficSignal': {'total_vehicles': 0, 'total_queue': 15, 'avg_waiting': 18.058823529411764, 'vehicle_types': {'car': 0, 'bus': 0, 'jeepney': 0, 'motorcycle': 0, 'truck': 0, 'tricycle': 0}}, 'JohnPaul_TrafficSignal': {'total_vehicles': 0, 'total_queue': 64, 'avg_waiting': 26.098765432098766, 'vehicle_types': {'car': 0, 'bus': 0, 'jeepney': 0, 'motorcycle': 0, 'truck': 0, 'tricycle': 0}}, 'Sandawa_TrafficSignal': {'total_vehicles': 0, 'total_queue': 7, 'avg_waiting': 0.8157894736842105, 'vehicle_types': {'car': 0, 'bus': 0, 'jeepney': 0, 'motorcycle': 0, 'truck': 0, 'tricycle': 0}}}","{'Ecoland_TrafficSignal': {'total_vehicles': 0, 'total_queue': 15, 'avg_waiting': 18.058823529411764, 'vehicle_types': {'car': 0, 'bus': 0, 'jeepney': 0, 'motorcycle': 0, 'truck': 0, 'tricycle': 0}}, 'JohnPaul_TrafficSignal': {'total_vehicles': 0, 'total_queue': 64, 'avg_waiting': 26.098765432098766, 'vehicle_types': {'car': 0, 'bus': 0, 'jeepney': 0, 'motorcycle': 0, 'truck': 0, 'tricycle': 0}}, 'Sandawa_TrafficSignal': {'total_vehicles': 0, 'total_queue': 7, 'avg_waiting': 0.8157894736842105, 'vehicle_types': {'car': 0, 'bus': 0, 'jeepney': 0, 'motorcycle': 0, 'truck': 0, 'tricycle': 0}}}",202,25,55,109,21,0,57,20250714_cycle_2
0,0,448,2153.9999999999995,13.80667986873268,0,0,[],[],[],[],11.364577526100884,105.8962962962963,171,5973.333333333334,2153.9999999999995,2.8971483644367004,"{'Ecoland_TrafficSignal': {'total_vehicles': 0, 'total_queue': 11, 'avg_waiting': 23.166666666666668, 'vehicle_types': {'car': 0, 'bus': 0, 'jeepney': 0, 'motorcycle': 0, 'truck': 0, 'tricycle': 0}}, 'JohnPaul_TrafficSignal': {'total_vehicles': 0, 'total_queue': 97, 'avg_waiting': 32.336363636363636, 'vehicle_types': {'car': 0, 'bus': 0, 'jeepney': 0, 'motorcycle': 0, 'truck': 0, 'tricycle': 0}}, 'Sandawa_TrafficSignal': {'total_vehicles': 0, 'total_queue': 6, 'avg_waiting': 0.6136363636363636, 'vehicle_types': {'car': 0, 'bus': 0, 'jeepney': 0, 'motorcycle': 0, 'truck': 0, 'tricycle': 0}}}","{'Ecoland_TrafficSignal': {'total_vehicles': 0, 'total_queue': 11, 'avg_waiting': 23.166666666666668, 'vehicle_types': {'car': 0, 'bus': 0, 'jeepney': 0, 'motorcycle': 0, 'truck': 0, 'tricycle': 0}}, 'JohnPaul_TrafficSignal': {'total_vehicles': 0, 'total_queue': 97, 'avg_waiting': 32.336363636363636, 'vehicle_types': {'car': 0, 'bus': 0, 'jeepney': 0, 'motorcycle': 0, 'truck': 0, 'tricycle': 0}}, 'Sandawa_TrafficSignal': {'total_vehicles': 0, 'total_queue': 6, 'avg_waiting': 0.6136363636363636, 'vehicle_types': {'car': 0, 'bus': 0, 'jeepney': 0, 'motorcycle': 0, 'truck': 0, 'tricycle': 0}}}",209,23,62,133,21,0,58,20250710_cycle_1
0,0,442,2180.9999999999995,14.572638426466428,0,0,[],[],[],[],10.052355760808778,89.94074074074074,165,5893.333333333334,2180.9999999999995,2.744870134659561,"{'Ecoland_TrafficSignal': {'total_vehicles': 0, 'total_queue': 19, 'avg_waiting': 14.105263157894736, 'vehicle_types': {'car': 0, 'bus': 0, 'jeepney': 0, 'motorcycle': 0, 'truck': 0, 'tricycle': 0}}, 'JohnPaul_TrafficSignal': {'total_vehicles': 0, 'total_queue': 66, 'avg_waiting': 21.88157894736842, 'vehicle_types': {'car': 0, 'bus': 0, 'jeepney': 0, 'motorcycle': 0, 'truck': 0, 'tricycle': 0}}, 'Sandawa_TrafficSignal': {'total_vehicles': 0, 'total_queue': 17, 'avg_waiting': 1.2040816326530612, 'vehicle_types': {'car': 0, 'bus': 0, 'jeepney': 0, 'motorcycle': 0, 'truck': 0, 'tricycle': 0}}}","{'Ecoland_TrafficSignal': {'total_vehicles': 0, 'total_queue': 19, 'avg_waiting': 14.105263157894736, 'vehicle_types': {'car': 0, 'bus': 0, 'jeepney': 0, 'motorcycle': 0, 'truck': 0, 'tricycle': 0}}, 'JohnPaul_TrafficSignal': {'total_vehicles': 0, 'total_queue': 66, 'avg_waiting': 21.88157894736842, 'vehicle_types': {'car': 0, 'bus': 0, 'jeepney': 0, 'motorcycle': 0, 'truck': 0, 'tricycle': 0}}, 'Sandawa_TrafficSignal': {'total_vehicles': 0, 'total_queue': 17, 'avg_waiting': 1.2040816326530612, 'vehicle_types': {'car': 0, 'bus': 0, 'jeepney': 0, 'motorcycle': 0, 'truck': 0, 'tricycle': 0}}}",191,24,62,144,21,0,59,20250818_cycle_1
0,0,400,2020.6999999999998,14.137556982932873,0,0,[],[],[],[],11.508726056328731,94.28148148148148,161,5333.333333333334,2020.6999999999998,2.8293431494768693,"{'Ecoland_TrafficSignal': {'total_vehicles': 0, 'total_queue': 15, 'avg_waiting': 18.6, 'vehicle_types': {'car': 0, 'bus': 0, 'jeepney': 0, 'motorcycle': 0, 'truck': 0, 'tricycle': 0}}, 'JohnPaul_TrafficSignal': {'total_vehicles': 0, 'total_queue': 67, 'avg_waiting': 30.2625, 'vehicle_types': {'car': 0, 'bus': 0, 'jeepney': 0, 'motorcycle': 0, 'truck': 0, 'tricycle': 0}}, 'Sandawa_TrafficSignal': {'total_vehicles': 0, 'total_queue': 1, 'avg_waiting': 0.1111111111111111, 'vehicle_types': {'car': 0, 'bus': 0, 'jeepney': 0, 'motorcycle': 0, 'truck': 0, 'tricycle': 0}}}","{'Ecoland_TrafficSignal': {'total_vehicles': 0, 'total_queue': 15, 'avg_waiting': 18.6, 'vehicle_types': {'car': 0, 'bus': 0, 'jeepney': 0, 'motorcycle': 0, 'truck': 0, 'tricycle': 0}}, 'JohnPaul_TrafficSignal': {'total_vehicles': 0, 'total_queue': 67, 'avg_waiting': 30.2625, 'vehicle_types': {'car': 0, 'bus': 0, 'jeepney': 0, 'motorcycle': 0, 'truck': 0, 'tricycle': 0}}, 'Sandawa_TrafficSignal': {'total_vehicles': 0, 'total_queue': 1, 'avg_waiting': 0.1111111111111111, 'vehicle_types': {'car': 0, 'bus': 0, 'jeepney': 0, 'motorcycle': 0, 'truck': 0, 'tricycle': 0}}}",198,24,54,103,21,0,60,20250805_cycle_3
0,0,443,2244.199999999999,14.183505022492715,0,0,[],[],[],[],10.94708482214622,99.31481481481481,166,5906.666666666667,2244.199999999999,2.820177377634552,"{'Ecoland_TrafficSignal': {'total_vehicles': 0, 'total_queue': 15, 'avg_waiting': 16.72222222222222, 'vehicle_types': {'car': 0, 'bus': 0, 'jeepney': 0, 'motorcycle': 0, 'truck': 0, 'tricycle': 0}}, 'JohnPaul_TrafficSignal': {'total_vehicles': 0, 'total_queue': 87, 'avg_waiting': 28.3, 'vehicle_types': {'car': 0, 'bus': 0, 'jeepney': 0, 'motorcycle': 0, 'truck': 0, 'tricycle': 0}}, 'Sandawa_TrafficSignal': {'total_vehicles': 0, 'total_queue': 6, 'avg_waiting': 1.3421052631578947, 'vehicle_types': {'car': 0, 'bus': 0, 'jeepney': 0, 'motorcycle': 0, 'truck': 0, 'tricycle': 0}}}","{'Ecoland_TrafficSignal': {'total_vehicles': 0, 'total_queue': 15, 'avg_waiting': 16.72222222222222, 'vehicle_types': {'car': 0, 'bus': 0, 'jeepney': 0, 'motorcycle': 0, 'truck': 0, 'tricycle': 0}}, 'JohnPaul_TrafficSignal': {'total_vehicles': 0, 'total_queue': 87, 'avg_waiting': 28.3, 'vehicle_types': {'car': 0, 'bus': 0, 'jeepney': 0, 'motorcycle': 0, 'truck': 0, 'tricycle': 0}}, 'Sandawa_TrafficSignal': {'total_vehicles': 0, 'total_queue': 6, 'avg_waiting': 1.3421052631578947, 'vehicle_types': {'car': 0, 'bus': 0, 'jeepney': 0, 'motorcycle': 0, 'truck': 0, 'tricycle': 0}}}",203,24,67,128,21,0,61,20250710_cycle_3
0,0,417,1883.9999999999982,13.723852536085223,0,0,[],[],[],[],10.7268946712188,94.28148148148148,158,5560.0,1883.9999999999982,2.914633474443477,"{'Ecoland_TrafficSignal': {'total_vehicles': 0, 'total_queue': 21, 'avg_waiting': 14.904761904761905, 'vehicle_types': {'car': 0, 'bus': 0, 'jeepney': 0, 'motorcycle': 0, 'truck': 0, 'tricycle': 0}}, 'JohnPaul_TrafficSignal': {'total_vehicles': 0, 'total_queue': 72, 'avg_waiting': 28.073170731707318, 'vehicle_types': {'car': 0, 'bus': 0, 'jeepney': 0, 'motorcycle': 0, 'truck': 0, 'tricycle': 0}}, 'Sandawa_TrafficSignal': {'total_vehicles': 0, 'total_queue': 17, 'avg_waiting': 3.2653061224489797, 'vehicle_types': {'car': 0, 'bus': 0, 'jeepney': 0, 'motorcycle': 0, 'truck': 0, 'tricycle': 0}}}","{'Ecoland_TrafficSignal': {'total_vehicles': 0, 'total_queue': 21, 'avg_waiting': 14.904761904761905, 'vehicle_types': {'car': 0, 'bus': 0, 'jeepney': 0, 'motorcycle': 0, 'truck': 0, 'tricycle': 0}}, 'JohnPaul_TrafficSignal': {'total_vehicles': 0, 'total_queue': 72, 'avg_waiting': 28.073170731707318, 'vehicle_types': {'car': 0, 'bus': 0, 'jeepney': 0, 'motorcycle': 0, 'truck': 0, 'tricycle': 0}}, 'Sandawa_TrafficSignal': {'total_vehicles': 0, 'total_queue': 17, 'avg_waiting': 3.2653061224489797, 'vehicle_types': {'car': 0, 'bus': 0, 'jeepney': 0, 'motorcycle': 0, 'truck': 0, 'tricycle': 0}}}",201,20,52,121,23,0,62,20250819_cycle_1
0,0,409,2147.6000000000013,14.861198600762886,0,0,[],[],[],[],10.970272797111411,85.23333333333333,169,5453.333333333334,2147.6000000000013,2.691572939341961,"{'Ecoland_TrafficSignal': {'total_vehicles': 0, 'total_queue': 8, 'avg_waiting': 14.333333333333334, 'vehicle_types': {'car': 0, 'bus': 0, 'jeepney': 0, 'motorcycle': 0, 'truck': 0, 'tricycle': 0}}, 'JohnPaul_TrafficSignal': {'total_vehicles': 0, 'total_queue': 52, 'avg_waiting': 20.22077922077922, 'vehicle_types': {'car': 0, 'bus': 0, 'jeepney': 0, 'motorcycle': 0, 'truck': 0, 'tricycle': 0}}, 'Sandawa_TrafficSignal': {'total_vehicles': 0, 'total_queue': 9, 'avg_waiting': 1.1, 'vehicle_types': {'car': 0, 'bus': 0, 'jeepney': 0, 'motorcycle': 0, 'truck': 0, 'tricycle': 0}}}","{'Ecoland_TrafficSignal': {'total_vehicles': 0, 'total_queue': 8, 'avg_waiting': 14.333333333333334, 'vehicle_types': {'car': 0, 'bus': 0, 'jeepney': 0, 'motorcycle': 0, 'truck': 0, 'tricycle': 0}}, 'JohnPaul_TrafficSignal': {'total_vehicles': 0, 'total_queue': 52, 'avg_waiting': 20.22077922077922, 'vehicle_types': {'car': 0, 'bus': 0, 'jeepney': 0, 'motorcycle': 0, 'truck': 0, 'tricycle': 0}}, 'Sandawa_TrafficSignal': {'total_vehicles': 0, 'total_queue': 9, 'avg_waiting': 1.1, 'vehicle_types': {'car': 0, 'bus': 0, 'jeepney': 0, 'motorcycle': 0, 'truck': 0, 'tricycle': 0}}}",189,24,63,112,21,0,63,20250704_cycle_2
0,0,432,2237.6000000000013,14.213315284335774,0,0,[],[],[],[],10.754620510362477,105.08888888888889,166,5760.0,2237.6000000000013,2.814262485549958,"{'Ecoland_TrafficSignal': {'total_vehicles': 0, 'total_queue': 20, 'avg_waiting': 13.5, 'vehicle_types': {'car': 0, 'bus': 0, 'jeepney': 0, 'motorcycle': 0, 'truck': 0, 'tricycle': 0}}, 'JohnPaul_TrafficSignal': {'total_vehicles': 0, 'total_queue': 88, 'avg_waiting': 27.367924528301888, 'vehicle_types': {'car': 0, 'bus': 0, 'jeepney': 0, 'motorcycle': 0, 'truck': 0, 'tricycle': 0}}, 'Sandawa_TrafficSignal': {'total_vehicles': 0, 'total_queue': 16, 'avg_waiting': 2.3773584905660377, 'vehicle_types': {'car': 0, 'bus': 0, 'jeepney': 0, 'motorcycle': 0, 'truck': 0, 'tricycle': 0}}}","{'Ecoland_TrafficSignal': {'total_vehicles': 0, 'total_queue': 20, 'avg_waiting': 13.5, 'vehicle_types': {'car': 0, 'bus': 0, 'jeepney': 0, 'motorcycle': 0, 'truck': 0, 'tricycle': 0}}, 'JohnPaul_TrafficSignal': {'total_vehicles': 0, 'total_queue': 88, 'avg_waiting': 27.367924528301888, 'vehicle_types': {'car': 0, 'bus': 0, 'jeepney': 0, 'motorcycle': 0, 'truck': 0, 'tricycle': 0}}, 'Sandawa_TrafficSignal': {'total_vehicles': 0, 'total_queue': 16, 'avg_waiting': 2.3773584905660377, 'vehicle_types': {'car': 0, 'bus': 0, 'jeepney': 0, 'motorcycle': 0, 'truck': 0, 'tricycle': 0}}}",199,25,65,122,21,0,64,20250809_cycle_1
0,0,406,1994.9999999999982,14.98171344830342,0,0,[],[],[],[],10.645372342398845,86.28148148148148,160,5413.333333333334,1994.9999999999982,2.669921577263229,"{'Ecoland_TrafficSignal': {'total_vehicles': 0, 'total_queue': 18, 'avg_waiting': 19.894736842105264, 'vehicle_types': {'car': 0, 'bus': 0, 'jeepney': 0, 'motorcycle': 0, 'truck': 0, 'tricycle': 0}}, 'JohnPaul_TrafficSignal': {'total_vehicles': 0, 'total_queue': 56, 'avg_waiting': 23.045454545454547, 'vehicle_types': {'car': 0, 'bus': 0, 'jeepney': 0, 'motorcycle': 0, 'truck': 0, 'tricycle': 0}}, 'Sandawa_TrafficSignal': {'total_vehicles': 0, 'total_queue': 16, 'avg_waiting': 3.018181818181818, 'vehicle_types': {'car': 0, 'bus': 0, 'jeepney': 0, 'motorcycle': 0, 'truck': 0, 'tricycle': 0}}}","{'Ecoland_TrafficSignal': {'total_vehicles': 0, 'total_queue': 18, 'avg_waiting': 19.894736842105264, 'vehicle_types': {'car': 0, 'bus': 0, 'jeepney': 0, 'motorcycle': 0, 'truck': 0, 'tricycle': 0}}, 'JohnPaul_TrafficSignal': {'total_vehicles': 0, 'total_queue': 56, 'avg_waiting': 23.045454545454547, 'vehicle_types': {'car': 0, 'bus': 0, 'jeepney': 0, 'motorcycle': 0, 'truck': 0, 'tricycle': 0}}, 'Sandawa_TrafficSignal': {'total_vehicles': 0, 'total_queue': 16, 'avg_waiting': 3.018181818181818, 'vehicle_types': {'car': 0, 'bus': 0, 'jeepney': 0, 'motorcycle': 0, 'truck': 0, 'tricycle': 0}}}",188,23,54,115,26,0,65,20250708_cycle_3
0,0,407,1918.0999999999995,14.046704970714458,0,0,[],[],[],[],10.50128223399125,90.02592592592593,165,5426.666666666667,1918.0999999999995,2.8476429229057465,"{'Ecoland_TrafficSignal': {'total_vehicles': 0, 'total_queue': 25, 'avg_waiting': 19.64, 'vehicle_types': {'car': 0, 'bus': 0, 'jeepney': 0, 'motorcycle': 0, 'truck': 0, 'tricycle': 0}}, 'JohnPaul_TrafficSignal': {'total_vehicles': 0, 'total_queue': 67, 'avg_waiting': 24.876543209876544, 'vehicle_types': {'car': 0, 'bus': 0, 'jeepney': 0, 'motorcycle': 0, 'truck': 0, 'tricycle': 0}}, 'Sandawa_TrafficSignal': {'total_vehicles': 0, 'total_queue': 2, 'avg_waiting': 0.26666666666666666, 'vehicle_types': {'car': 0, 'bus': 0, 'jeepney': 0, 'motorcycle': 0, 'truck': 0, 'tricycle': 0}}}","{'Ecoland_TrafficSignal': {'total_vehicles': 0, 'total_queue': 25, 'avg_waiting': 19.64, 'vehicle_types': {'car': 0, 'bus': 0, 'jeepney': 0, 'motorcycle': 0, 'truck': 0, 'tricycle': 0}}, 'JohnPaul_TrafficSignal': {'total_vehicles': 0, 'total_queue': 67, 'avg_waiting': 24.876543209876544, 'vehicle_types': {'car': 0, 'bus': 0, 'jeepney': 0, 'motorcycle': 0, 'truck': 0, 'tricycle': 0}}, 'Sandawa_TrafficSignal': {'total_vehicles': 0, 'total_queue': 2, 'avg_waiting': 0.26666666666666666, 'vehicle_types': {'car': 0, 'bus': 0, 'jeepney': 0, 'motorcycle': 0, 'truck': 0, 'tricycle': 0}}}",185,21,53,126,22,0,66,20250814_cycle_1
